{
  "type": "FeatureCollection",
  "features": [
    {
      "type": "Feature",
      "properties": {
        "projectId": 1,
        "projectName": "Platte 38",
        "lotNumber": 1,
        "totalLotsInProject": 15,
        "parcelId": "20-8-0-27-100-002-006.000",
        "status": "Under Construction",
        "acres": 1.2,
        "type": "Mixed Residential"
      },
      "geometry": {
        "type": "Polygon",
        "coordinates": [
          [
            [
              39.19953636363637,
              -94.68073636363637
            ],
            [
              39.19953636363637,
              -94.68046363636365
            ],
            [
              39.19926363636364,
              -94.68046363636365
            ],
            [
              39.19926363636364,
              -94.68073636363637
            ],
            [
              39.19953636363637,
              -94.68073636363637
            ]
          ]
        ]
      }
    },
    {
      "type": "Feature",
      "properties": {
        "projectId": 1,
        "projectName": "Platte 38",
        "lotNumber": 2,
        "totalLotsInProject": 15,
        "parcelId": "20-8-0-27-100-002-006.000",
        "status": "Under Construction",
        "acres": 1.2,
        "type": "Mixed Residential"
      },
      "geometry": {
        "type": "Polygon",
        "coordinates": [
          [
            [
              39.19953636363637,
              -94.68043636363636
            ],
            [
              39.19953636363637,
              -94.68016363636364
            ],
            [
              39.19926363636364,
              -94.68016363636364
            ],
            [
              39.19926363636364,
              -94.68043636363636
            ],
            [
              39.19953636363637,
              -94.68043636363636
            ]
          ]
        ]
      }
    },
    {
      "type": "Feature",
      "properties": {
        "projectId": 1,
        "projectName": "Platte 38",
        "lotNumber": 3,
        "totalLotsInProject": 15,
        "parcelId": "20-8-0-27-100-002-006.000",
        "status": "Under Construction",
        "acres": 1.2,
        "type": "Mixed Residential"
      },
      "geometry": {
        "type": "Polygon",
        "coordinates": [
          [
            [
              39.19953636363637,
              -94.68013636363636
            ],
            [
              39.19953636363637,
              -94.67986363636365
            ],
            [
              39.19926363636364,
              -94.67986363636365
            ],
            [
              39.19926363636364,
              -94.68013636363636
            ],
            [
              39.19953636363637,
              -94.68013636363636
            ]
          ]
        ]
      }
    },
    {
      "type": "Feature",
      "properties": {
        "projectId": 1,
        "projectName": "Platte 38",
        "lotNumber": 4,
        "totalLotsInProject": 15,
        "parcelId": "20-8-0-27-100-002-006.000",
        "status": "Under Construction",
        "acres": 1.2,
        "type": "Mixed Residential"
      },
      "geometry": {
        "type": "Polygon",
        "coordinates": [
          [
            [
              39.19953636363637,
              -94.67983636363637
            ],
            [
              39.19953636363637,
              -94.67956363636365
            ],
            [
              39.19926363636364,
              -94.67956363636365
            ],
            [
              39.19926363636364,
              -94.67983636363637
            ],
            [
              39.19953636363637,
              -94.67983636363637
            ]
          ]
        ]
      }
    },
    {
      "type": "Feature",
      "properties": {
        "projectId": 1,
        "projectName": "Platte 38",
        "lotNumber": 5,
        "totalLotsInProject": 15,
        "parcelId": "20-8-0-27-100-002-006.000",
        "status": "Under Construction",
        "acres": 1.2,
        "type": "Mixed Residential"
      },
      "geometry": {
        "type": "Polygon",
        "coordinates": [
          [
            [
              39.199836363636365,
              -94.68073636363637
            ],
            [
              39.199836363636365,
              -94.68046363636365
            ],
            [
              39.199563636363635,
              -94.68046363636365
            ],
            [
              39.199563636363635,
              -94.68073636363637
            ],
            [
              39.199836363636365,
              -94.68073636363637
            ]
          ]
        ]
      }
    },
    {
      "type": "Feature",
      "properties": {
        "projectId": 1,
        "projectName": "Platte 38",
        "lotNumber": 6,
        "totalLotsInProject": 15,
        "parcelId": "20-8-0-27-100-002-006.000",
        "status": "Under Construction",
        "acres": 1.2,
        "type": "Mixed Residential"
      },
      "geometry": {
        "type": "Polygon",
        "coordinates": [
          [
            [
              39.199836363636365,
              -94.68043636363636
            ],
            [
              39.199836363636365,
              -94.68016363636364
            ],
            [
              39.199563636363635,
              -94.68016363636364
            ],
            [
              39.199563636363635,
              -94.68043636363636
            ],
            [
              39.199836363636365,
              -94.68043636363636
            ]
          ]
        ]
      }
    },
    {
      "type": "Feature",
      "properties": {
        "projectId": 1,
        "projectName": "Platte 38",
        "lotNumber": 7,
        "totalLotsInProject": 15,
        "parcelId": "20-8-0-27-100-002-006.000",
        "status": "Under Construction",
        "acres": 1.2,
        "type": "Mixed Residential"
      },
      "geometry": {
        "type": "Polygon",
        "coordinates": [
          [
            [
              39.199836363636365,
              -94.68013636363636
            ],
            [
              39.199836363636365,
              -94.67986363636365
            ],
            [
              39.199563636363635,
              -94.67986363636365
            ],
            [
              39.199563636363635,
              -94.68013636363636
            ],
            [
              39.199836363636365,
              -94.68013636363636
            ]
          ]
        ]
      }
    },
    {
      "type": "Feature",
      "properties": {
        "projectId": 1,
        "projectName": "Platte 38",
        "lotNumber": 8,
        "totalLotsInProject": 15,
        "parcelId": "20-8-0-27-100-002-006.000",
        "status": "Under Construction",
        "acres": 1.2,
        "type": "Mixed Residential"
      },
      "geometry": {
        "type": "Polygon",
        "coordinates": [
          [
            [
              39.199836363636365,
              -94.67983636363637
            ],
            [
              39.199836363636365,
              -94.67956363636365
            ],
            [
              39.199563636363635,
              -94.67956363636365
            ],
            [
              39.199563636363635,
              -94.67983636363637
            ],
            [
              39.199836363636365,
              -94.67983636363637
            ]
          ]
        ]
      }
    },
    {
      "type": "Feature",
      "properties": {
        "projectId": 1,
        "projectName": "Platte 38",
        "lotNumber": 9,
        "totalLotsInProject": 15,
        "parcelId": "20-8-0-27-100-002-006.000",
        "status": "Under Construction",
        "acres": 1.2,
        "type": "Mixed Residential"
      },
      "geometry": {
        "type": "Polygon",
        "coordinates": [
          [
            [
              39.20013636363637,
              -94.68073636363637
            ],
            [
              39.20013636363637,
              -94.68046363636365
            ],
            [
              39.19986363636364,
              -94.68046363636365
            ],
            [
              39.19986363636364,
              -94.68073636363637
            ],
            [
              39.20013636363637,
              -94.68073636363637
            ]
          ]
        ]
      }
    },
    {
      "type": "Feature",
      "properties": {
        "projectId": 1,
        "projectName": "Platte 38",
        "lotNumber": 10,
        "totalLotsInProject": 15,
        "parcelId": "20-8-0-27-100-002-006.000",
        "status": "Under Construction",
        "acres": 1.2,
        "type": "Mixed Residential"
      },
      "geometry": {
        "type": "Polygon",
        "coordinates": [
          [
            [
              39.20013636363637,
              -94.68043636363636
            ],
            [
              39.20013636363637,
              -94.68016363636364
            ],
            [
              39.19986363636364,
              -94.68016363636364
            ],
            [
              39.19986363636364,
              -94.68043636363636
            ],
            [
              39.20013636363637,
              -94.68043636363636
            ]
          ]
        ]
      }
    },
    {
      "type": "Feature",
      "properties": {
        "projectId": 1,
        "projectName": "Platte 38",
        "lotNumber": 11,
        "totalLotsInProject": 15,
        "parcelId": "20-8-0-27-100-002-006.000",
        "status": "Under Construction",
        "acres": 1.2,
        "type": "Mixed Residential"
      },
      "geometry": {
        "type": "Polygon",
        "coordinates": [
          [
            [
              39.20013636363637,
              -94.68013636363636
            ],
            [
              39.20013636363637,
              -94.67986363636365
            ],
            [
              39.19986363636364,
              -94.67986363636365
            ],
            [
              39.19986363636364,
              -94.68013636363636
            ],
            [
              39.20013636363637,
              -94.68013636363636
            ]
          ]
        ]
      }
    },
    {
      "type": "Feature",
      "properties": {
        "projectId": 1,
        "projectName": "Platte 38",
        "lotNumber": 12,
        "totalLotsInProject": 15,
        "parcelId": "20-8-0-27-100-002-006.000",
        "status": "Under Construction",
        "acres": 1.2,
        "type": "Mixed Residential"
      },
      "geometry": {
        "type": "Polygon",
        "coordinates": [
          [
            [
              39.20013636363637,
              -94.67983636363637
            ],
            [
              39.20013636363637,
              -94.67956363636365
            ],
            [
              39.19986363636364,
              -94.67956363636365
            ],
            [
              39.19986363636364,
              -94.67983636363637
            ],
            [
              39.20013636363637,
              -94.67983636363637
            ]
          ]
        ]
      }
    },
    {
      "type": "Feature",
      "properties": {
        "projectId": 1,
        "projectName": "Platte 38",
        "lotNumber": 13,
        "totalLotsInProject": 15,
        "parcelId": "20-8-0-27-100-002-006.000",
        "status": "Under Construction",
        "acres": 1.2,
        "type": "Mixed Residential"
      },
      "geometry": {
        "type": "Polygon",
        "coordinates": [
          [
            [
              39.20043636363637,
              -94.68073636363637
            ],
            [
              39.20043636363637,
              -94.68046363636365
            ],
            [
              39.20016363636364,
              -94.68046363636365
            ],
            [
              39.20016363636364,
              -94.68073636363637
            ],
            [
              39.20043636363637,
              -94.68073636363637
            ]
          ]
        ]
      }
    },
    {
      "type": "Feature",
      "properties": {
        "projectId": 1,
        "projectName": "Platte 38",
        "lotNumber": 14,
        "totalLotsInProject": 15,
        "parcelId": "20-8-0-27-100-002-006.000",
        "status": "Under Construction",
        "acres": 1.2,
        "type": "Mixed Residential"
      },
      "geometry": {
        "type": "Polygon",
        "coordinates": [
          [
            [
              39.20043636363637,
              -94.68043636363636
            ],
            [
              39.20043636363637,
              -94.68016363636364
            ],
            [
              39.20016363636364,
              -94.68016363636364
            ],
            [
              39.20016363636364,
              -94.68043636363636
            ],
            [
              39.20043636363637,
              -94.68043636363636
            ]
          ]
        ]
      }
    },
    {
      "type": "Feature",
      "properties": {
        "projectId": 1,
        "projectName": "Platte 38",
        "lotNumber": 15,
        "totalLotsInProject": 15,
        "parcelId": "20-8-0-27-100-002-006.000",
        "status": "Under Construction",
        "acres": 1.2,
        "type": "Mixed Residential"
      },
      "geometry": {
        "type": "Polygon",
        "coordinates": [
          [
            [
              39.20043636363637,
              -94.68013636363636
            ],
            [
              39.20043636363637,
              -94.67986363636365
            ],
            [
              39.20016363636364,
              -94.67986363636365
            ],
            [
              39.20016363636364,
              -94.68013636363636
            ],
            [
              39.20043636363637,
              -94.68013636363636
            ]
          ]
        ]
      }
    },
    {
      "type": "Feature",
      "properties": {
        "projectId": 2,
        "projectName": "Sanctuary at Riss Lake",
        "lotNumber": 1,
        "totalLotsInProject": 15,
        "parcelId": "20-7-0-26-400-006-001.000",
        "status": "Under Construction",
        "acres": 0.5333333333333333,
        "type": "Mixed Residential"
      },
      "geometry": {
        "type": "Polygon",
        "coordinates": [
          [
            [
              39.20953636363637,
              -94.69073636363636
            ],
            [
              39.20953636363637,
              -94.69046363636365
            ],
            [
              39.20926363636364,
              -94.69046363636365
            ],
            [
              39.20926363636364,
              -94.69073636363636
            ],
            [
              39.20953636363637,
              -94.69073636363636
            ]
          ]
        ]
      }
    },
    {
      "type": "Feature",
      "properties": {
        "projectId": 2,
        "projectName": "Sanctuary at Riss Lake",
        "lotNumber": 2,
        "totalLotsInProject": 15,
        "parcelId": "20-7-0-26-400-006-001.000",
        "status": "Under Construction",
        "acres": 0.5333333333333333,
        "type": "Mixed Residential"
      },
      "geometry": {
        "type": "Polygon",
        "coordinates": [
          [
            [
              39.20953636363637,
              -94.69043636363635
            ],
            [
              39.20953636363637,
              -94.69016363636364
            ],
            [
              39.20926363636364,
              -94.69016363636364
            ],
            [
              39.20926363636364,
              -94.69043636363635
            ],
            [
              39.20953636363637,
              -94.69043636363635
            ]
          ]
        ]
      }
    },
    {
      "type": "Feature",
      "properties": {
        "projectId": 2,
        "projectName": "Sanctuary at Riss Lake",
        "lotNumber": 3,
        "totalLotsInProject": 15,
        "parcelId": "20-7-0-26-400-006-001.000",
        "status": "Under Construction",
        "acres": 0.5333333333333333,
        "type": "Mixed Residential"
      },
      "geometry": {
        "type": "Polygon",
        "coordinates": [
          [
            [
              39.20953636363637,
              -94.69013636363636
            ],
            [
              39.20953636363637,
              -94.68986363636364
            ],
            [
              39.20926363636364,
              -94.68986363636364
            ],
            [
              39.20926363636364,
              -94.69013636363636
            ],
            [
              39.20953636363637,
              -94.69013636363636
            ]
          ]
        ]
      }
    },
    {
      "type": "Feature",
      "properties": {
        "projectId": 2,
        "projectName": "Sanctuary at Riss Lake",
        "lotNumber": 4,
        "totalLotsInProject": 15,
        "parcelId": "20-7-0-26-400-006-001.000",
        "status": "Under Construction",
        "acres": 0.5333333333333333,
        "type": "Mixed Residential"
      },
      "geometry": {
        "type": "Polygon",
        "coordinates": [
          [
            [
              39.20953636363637,
              -94.68983636363636
            ],
            [
              39.20953636363637,
              -94.68956363636364
            ],
            [
              39.20926363636364,
              -94.68956363636364
            ],
            [
              39.20926363636364,
              -94.68983636363636
            ],
            [
              39.20953636363637,
              -94.68983636363636
            ]
          ]
        ]
      }
    },
    {
      "type": "Feature",
      "properties": {
        "projectId": 2,
        "projectName": "Sanctuary at Riss Lake",
        "lotNumber": 5,
        "totalLotsInProject": 15,
        "parcelId": "20-7-0-26-400-006-001.000",
        "status": "Under Construction",
        "acres": 0.5333333333333333,
        "type": "Mixed Residential"
      },
      "geometry": {
        "type": "Polygon",
        "coordinates": [
          [
            [
              39.20983636363636,
              -94.69073636363636
            ],
            [
              39.20983636363636,
              -94.69046363636365
            ],
            [
              39.20956363636363,
              -94.69046363636365
            ],
            [
              39.20956363636363,
              -94.69073636363636
            ],
            [
              39.20983636363636,
              -94.69073636363636
            ]
          ]
        ]
      }
    },
    {
      "type": "Feature",
      "properties": {
        "projectId": 2,
        "projectName": "Sanctuary at Riss Lake",
        "lotNumber": 6,
        "totalLotsInProject": 15,
        "parcelId": "20-7-0-26-400-006-001.000",
        "status": "Under Construction",
        "acres": 0.5333333333333333,
        "type": "Mixed Residential"
      },
      "geometry": {
        "type": "Polygon",
        "coordinates": [
          [
            [
              39.20983636363636,
              -94.69043636363635
            ],
            [
              39.20983636363636,
              -94.69016363636364
            ],
            [
              39.20956363636363,
              -94.69016363636364
            ],
            [
              39.20956363636363,
              -94.69043636363635
            ],
            [
              39.20983636363636,
              -94.69043636363635
            ]
          ]
        ]
      }
    },
    {
      "type": "Feature",
      "properties": {
        "projectId": 2,
        "projectName": "Sanctuary at Riss Lake",
        "lotNumber": 7,
        "totalLotsInProject": 15,
        "parcelId": "20-7-0-26-400-006-001.000",
        "status": "Under Construction",
        "acres": 0.5333333333333333,
        "type": "Mixed Residential"
      },
      "geometry": {
        "type": "Polygon",
        "coordinates": [
          [
            [
              39.20983636363636,
              -94.69013636363636
            ],
            [
              39.20983636363636,
              -94.68986363636364
            ],
            [
              39.20956363636363,
              -94.68986363636364
            ],
            [
              39.20956363636363,
              -94.69013636363636
            ],
            [
              39.20983636363636,
              -94.69013636363636
            ]
          ]
        ]
      }
    },
    {
      "type": "Feature",
      "properties": {
        "projectId": 2,
        "projectName": "Sanctuary at Riss Lake",
        "lotNumber": 8,
        "totalLotsInProject": 15,
        "parcelId": "20-7-0-26-400-006-001.000",
        "status": "Under Construction",
        "acres": 0.5333333333333333,
        "type": "Mixed Residential"
      },
      "geometry": {
        "type": "Polygon",
        "coordinates": [
          [
            [
              39.20983636363636,
              -94.68983636363636
            ],
            [
              39.20983636363636,
              -94.68956363636364
            ],
            [
              39.20956363636363,
              -94.68956363636364
            ],
            [
              39.20956363636363,
              -94.68983636363636
            ],
            [
              39.20983636363636,
              -94.68983636363636
            ]
          ]
        ]
      }
    },
    {
      "type": "Feature",
      "properties": {
        "projectId": 2,
        "projectName": "Sanctuary at Riss Lake",
        "lotNumber": 9,
        "totalLotsInProject": 15,
        "parcelId": "20-7-0-26-400-006-001.000",
        "status": "Under Construction",
        "acres": 0.5333333333333333,
        "type": "Mixed Residential"
      },
      "geometry": {
        "type": "Polygon",
        "coordinates": [
          [
            [
              39.210136363636366,
              -94.69073636363636
            ],
            [
              39.210136363636366,
              -94.69046363636365
            ],
            [
              39.209863636363636,
              -94.69046363636365
            ],
            [
              39.209863636363636,
              -94.69073636363636
            ],
            [
              39.210136363636366,
              -94.69073636363636
            ]
          ]
        ]
      }
    },
    {
      "type": "Feature",
      "properties": {
        "projectId": 2,
        "projectName": "Sanctuary at Riss Lake",
        "lotNumber": 10,
        "totalLotsInProject": 15,
        "parcelId": "20-7-0-26-400-006-001.000",
        "status": "Under Construction",
        "acres": 0.5333333333333333,
        "type": "Mixed Residential"
      },
      "geometry": {
        "type": "Polygon",
        "coordinates": [
          [
            [
              39.210136363636366,
              -94.69043636363635
            ],
            [
              39.210136363636366,
              -94.69016363636364
            ],
            [
              39.209863636363636,
              -94.69016363636364
            ],
            [
              39.209863636363636,
              -94.69043636363635
            ],
            [
              39.210136363636366,
              -94.69043636363635
            ]
          ]
        ]
      }
    },
    {
      "type": "Feature",
      "properties": {
        "projectId": 2,
        "projectName": "Sanctuary at Riss Lake",
        "lotNumber": 11,
        "totalLotsInProject": 15,
        "parcelId": "20-7-0-26-400-006-001.000",
        "status": "Under Construction",
        "acres": 0.5333333333333333,
        "type": "Mixed Residential"
      },
      "geometry": {
        "type": "Polygon",
        "coordinates": [
          [
            [
              39.210136363636366,
              -94.69013636363636
            ],
            [
              39.210136363636366,
              -94.68986363636364
            ],
            [
              39.209863636363636,
              -94.68986363636364
            ],
            [
              39.209863636363636,
              -94.69013636363636
            ],
            [
              39.210136363636366,
              -94.69013636363636
            ]
          ]
        ]
      }
    },
    {
      "type": "Feature",
      "properties": {
        "projectId": 2,
        "projectName": "Sanctuary at Riss Lake",
        "lotNumber": 12,
        "totalLotsInProject": 15,
        "parcelId": "20-7-0-26-400-006-001.000",
        "status": "Under Construction",
        "acres": 0.5333333333333333,
        "type": "Mixed Residential"
      },
      "geometry": {
        "type": "Polygon",
        "coordinates": [
          [
            [
              39.210136363636366,
              -94.68983636363636
            ],
            [
              39.210136363636366,
              -94.68956363636364
            ],
            [
              39.209863636363636,
              -94.68956363636364
            ],
            [
              39.209863636363636,
              -94.68983636363636
            ],
            [
              39.210136363636366,
              -94.68983636363636
            ]
          ]
        ]
      }
    },
    {
      "type": "Feature",
      "properties": {
        "projectId": 2,
        "projectName": "Sanctuary at Riss Lake",
        "lotNumber": 13,
        "totalLotsInProject": 15,
        "parcelId": "20-7-0-26-400-006-001.000",
        "status": "Under Construction",
        "acres": 0.5333333333333333,
        "type": "Mixed Residential"
      },
      "geometry": {
        "type": "Polygon",
        "coordinates": [
          [
            [
              39.21043636363637,
              -94.69073636363636
            ],
            [
              39.21043636363637,
              -94.69046363636365
            ],
            [
              39.21016363636364,
              -94.69046363636365
            ],
            [
              39.21016363636364,
              -94.69073636363636
            ],
            [
              39.21043636363637,
              -94.69073636363636
            ]
          ]
        ]
      }
    },
    {
      "type": "Feature",
      "properties": {
        "projectId": 2,
        "projectName": "Sanctuary at Riss Lake",
        "lotNumber": 14,
        "totalLotsInProject": 15,
        "parcelId": "20-7-0-26-400-006-001.000",
        "status": "Under Construction",
        "acres": 0.5333333333333333,
        "type": "Mixed Residential"
      },
      "geometry": {
        "type": "Polygon",
        "coordinates": [
          [
            [
              39.21043636363637,
              -94.69043636363635
            ],
            [
              39.21043636363637,
              -94.69016363636364
            ],
            [
              39.21016363636364,
              -94.69016363636364
            ],
            [
              39.21016363636364,
              -94.69043636363635
            ],
            [
              39.21043636363637,
              -94.69043636363635
            ]
          ]
        ]
      }
    },
    {
      "type": "Feature",
      "properties": {
        "projectId": 2,
        "projectName": "Sanctuary at Riss Lake",
        "lotNumber": 15,
        "totalLotsInProject": 15,
        "parcelId": "20-7-0-26-400-006-001.000",
        "status": "Under Construction",
        "acres": 0.5333333333333333,
        "type": "Mixed Residential"
      },
      "geometry": {
        "type": "Polygon",
        "coordinates": [
          [
            [
              39.21043636363637,
              -94.69013636363636
            ],
            [
              39.21043636363637,
              -94.68986363636364
            ],
            [
              39.21016363636364,
              -94.68986363636364
            ],
            [
              39.21016363636364,
              -94.69013636363636
            ],
            [
              39.21043636363637,
              -94.69013636363636
            ]
          ]
        ]
      }
    },
    {
      "type": "Feature",
      "properties": {
        "projectId": 3,
        "projectName": "The Woods at Creekside, 4th Plat",
        "lotNumber": 1,
        "totalLotsInProject": 15,
        "parcelId": "20-4-0-18-000-000-010.003",
        "status": "Construction/Completion Activity 2024",
        "acres": 0.6533333333333334,
        "type": "Residential Subdivision"
      },
      "geometry": {
        "type": "Polygon",
        "coordinates": [
          [
            [
              39.179536363636366,
              -94.70073636363637
            ],
            [
              39.179536363636366,
              -94.70046363636365
            ],
            [
              39.179263636363636,
              -94.70046363636365
            ],
            [
              39.179263636363636,
              -94.70073636363637
            ],
            [
              39.179536363636366,
              -94.70073636363637
            ]
          ]
        ]
      }
    },
    {
      "type": "Feature",
      "properties": {
        "projectId": 3,
        "projectName": "The Woods at Creekside, 4th Plat",
        "lotNumber": 2,
        "totalLotsInProject": 15,
        "parcelId": "20-4-0-18-000-000-010.003",
        "status": "Construction/Completion Activity 2024",
        "acres": 0.6533333333333334,
        "type": "Residential Subdivision"
      },
      "geometry": {
        "type": "Polygon",
        "coordinates": [
          [
            [
              39.179536363636366,
              -94.70043636363636
            ],
            [
              39.179536363636366,
              -94.70016363636364
            ],
            [
              39.179263636363636,
              -94.70016363636364
            ],
            [
              39.179263636363636,
              -94.70043636363636
            ],
            [
              39.179536363636366,
              -94.70043636363636
            ]
          ]
        ]
      }
    },
    {
      "type": "Feature",
      "properties": {
        "projectId": 3,
        "projectName": "The Woods at Creekside, 4th Plat",
        "lotNumber": 3,
        "totalLotsInProject": 15,
        "parcelId": "20-4-0-18-000-000-010.003",
        "status": "Construction/Completion Activity 2024",
        "acres": 0.6533333333333334,
        "type": "Residential Subdivision"
      },
      "geometry": {
        "type": "Polygon",
        "coordinates": [
          [
            [
              39.179536363636366,
              -94.70013636363636
            ],
            [
              39.179536363636366,
              -94.69986363636365
            ],
            [
              39.179263636363636,
              -94.69986363636365
            ],
            [
              39.179263636363636,
              -94.70013636363636
            ],
            [
              39.179536363636366,
              -94.70013636363636
            ]
          ]
        ]
      }
    },
    {
      "type": "Feature",
      "properties": {
        "projectId": 3,
        "projectName": "The Woods at Creekside, 4th Plat",
        "lotNumber": 4,
        "totalLotsInProject": 15,
        "parcelId": "20-4-0-18-000-000-010.003",
        "status": "Construction/Completion Activity 2024",
        "acres": 0.6533333333333334,
        "type": "Residential Subdivision"
      },
      "geometry": {
        "type": "Polygon",
        "coordinates": [
          [
            [
              39.179536363636366,
              -94.69983636363636
            ],
            [
              39.179536363636366,
              -94.69956363636365
            ],
            [
              39.179263636363636,
              -94.69956363636365
            ],
            [
              39.179263636363636,
              -94.69983636363636
            ],
            [
              39.179536363636366,
              -94.69983636363636
            ]
          ]
        ]
      }
    },
    {
      "type": "Feature",
      "properties": {
        "projectId": 3,
        "projectName": "The Woods at Creekside, 4th Plat",
        "lotNumber": 5,
        "totalLotsInProject": 15,
        "parcelId": "20-4-0-18-000-000-010.003",
        "status": "Construction/Completion Activity 2024",
        "acres": 0.6533333333333334,
        "type": "Residential Subdivision"
      },
      "geometry": {
        "type": "Polygon",
        "coordinates": [
          [
            [
              39.17983636363636,
              -94.70073636363637
            ],
            [
              39.17983636363636,
              -94.70046363636365
            ],
            [
              39.17956363636363,
              -94.70046363636365
            ],
            [
              39.17956363636363,
              -94.70073636363637
            ],
            [
              39.17983636363636,
              -94.70073636363637
            ]
          ]
        ]
      }
    },
    {
      "type": "Feature",
      "properties": {
        "projectId": 3,
        "projectName": "The Woods at Creekside, 4th Plat",
        "lotNumber": 6,
        "totalLotsInProject": 15,
        "parcelId": "20-4-0-18-000-000-010.003",
        "status": "Construction/Completion Activity 2024",
        "acres": 0.6533333333333334,
        "type": "Residential Subdivision"
      },
      "geometry": {
        "type": "Polygon",
        "coordinates": [
          [
            [
              39.17983636363636,
              -94.70043636363636
            ],
            [
              39.17983636363636,
              -94.70016363636364
            ],
            [
              39.17956363636363,
              -94.70016363636364
            ],
            [
              39.17956363636363,
              -94.70043636363636
            ],
            [
              39.17983636363636,
              -94.70043636363636
            ]
          ]
        ]
      }
    },
    {
      "type": "Feature",
      "properties": {
        "projectId": 3,
        "projectName": "The Woods at Creekside, 4th Plat",
        "lotNumber": 7,
        "totalLotsInProject": 15,
        "parcelId": "20-4-0-18-000-000-010.003",
        "status": "Construction/Completion Activity 2024",
        "acres": 0.6533333333333334,
        "type": "Residential Subdivision"
      },
      "geometry": {
        "type": "Polygon",
        "coordinates": [
          [
            [
              39.17983636363636,
              -94.70013636363636
            ],
            [
              39.17983636363636,
              -94.69986363636365
            ],
            [
              39.17956363636363,
              -94.69986363636365
            ],
            [
              39.17956363636363,
              -94.70013636363636
            ],
            [
              39.17983636363636,
              -94.70013636363636
            ]
          ]
        ]
      }
    },
    {
      "type": "Feature",
      "properties": {
        "projectId": 3,
        "projectName": "The Woods at Creekside, 4th Plat",
        "lotNumber": 8,
        "totalLotsInProject": 15,
        "parcelId": "20-4-0-18-000-000-010.003",
        "status": "Construction/Completion Activity 2024",
        "acres": 0.6533333333333334,
        "type": "Residential Subdivision"
      },
      "geometry": {
        "type": "Polygon",
        "coordinates": [
          [
            [
              39.17983636363636,
              -94.69983636363636
            ],
            [
              39.17983636363636,
              -94.69956363636365
            ],
            [
              39.17956363636363,
              -94.69956363636365
            ],
            [
              39.17956363636363,
              -94.69983636363636
            ],
            [
              39.17983636363636,
              -94.69983636363636
            ]
          ]
        ]
      }
    },
    {
      "type": "Feature",
      "properties": {
        "projectId": 3,
        "projectName": "The Woods at Creekside, 4th Plat",
        "lotNumber": 9,
        "totalLotsInProject": 15,
        "parcelId": "20-4-0-18-000-000-010.003",
        "status": "Construction/Completion Activity 2024",
        "acres": 0.6533333333333334,
        "type": "Residential Subdivision"
      },
      "geometry": {
        "type": "Polygon",
        "coordinates": [
          [
            [
              39.180136363636365,
              -94.70073636363637
            ],
            [
              39.180136363636365,
              -94.70046363636365
            ],
            [
              39.179863636363635,
              -94.70046363636365
            ],
            [
              39.179863636363635,
              -94.70073636363637
            ],
            [
              39.180136363636365,
              -94.70073636363637
            ]
          ]
        ]
      }
    },
    {
      "type": "Feature",
      "properties": {
        "projectId": 3,
        "projectName": "The Woods at Creekside, 4th Plat",
        "lotNumber": 10,
        "totalLotsInProject": 15,
        "parcelId": "20-4-0-18-000-000-010.003",
        "status": "Construction/Completion Activity 2024",
        "acres": 0.6533333333333334,
        "type": "Residential Subdivision"
      },
      "geometry": {
        "type": "Polygon",
        "coordinates": [
          [
            [
              39.180136363636365,
              -94.70043636363636
            ],
            [
              39.180136363636365,
              -94.70016363636364
            ],
            [
              39.179863636363635,
              -94.70016363636364
            ],
            [
              39.179863636363635,
              -94.70043636363636
            ],
            [
              39.180136363636365,
              -94.70043636363636
            ]
          ]
        ]
      }
    },
    {
      "type": "Feature",
      "properties": {
        "projectId": 3,
        "projectName": "The Woods at Creekside, 4th Plat",
        "lotNumber": 11,
        "totalLotsInProject": 15,
        "parcelId": "20-4-0-18-000-000-010.003",
        "status": "Construction/Completion Activity 2024",
        "acres": 0.6533333333333334,
        "type": "Residential Subdivision"
      },
      "geometry": {
        "type": "Polygon",
        "coordinates": [
          [
            [
              39.180136363636365,
              -94.70013636363636
            ],
            [
              39.180136363636365,
              -94.69986363636365
            ],
            [
              39.179863636363635,
              -94.69986363636365
            ],
            [
              39.179863636363635,
              -94.70013636363636
            ],
            [
              39.180136363636365,
              -94.70013636363636
            ]
          ]
        ]
      }
    },
    {
      "type": "Feature",
      "properties": {
        "projectId": 3,
        "projectName": "The Woods at Creekside, 4th Plat",
        "lotNumber": 12,
        "totalLotsInProject": 15,
        "parcelId": "20-4-0-18-000-000-010.003",
        "status": "Construction/Completion Activity 2024",
        "acres": 0.6533333333333334,
        "type": "Residential Subdivision"
      },
      "geometry": {
        "type": "Polygon",
        "coordinates": [
          [
            [
              39.180136363636365,
              -94.69983636363636
            ],
            [
              39.180136363636365,
              -94.69956363636365
            ],
            [
              39.179863636363635,
              -94.69956363636365
            ],
            [
              39.179863636363635,
              -94.69983636363636
            ],
            [
              39.180136363636365,
              -94.69983636363636
            ]
          ]
        ]
      }
    },
    {
      "type": "Feature",
      "properties": {
        "projectId": 3,
        "projectName": "The Woods at Creekside, 4th Plat",
        "lotNumber": 13,
        "totalLotsInProject": 15,
        "parcelId": "20-4-0-18-000-000-010.003",
        "status": "Construction/Completion Activity 2024",
        "acres": 0.6533333333333334,
        "type": "Residential Subdivision"
      },
      "geometry": {
        "type": "Polygon",
        "coordinates": [
          [
            [
              39.18043636363637,
              -94.70073636363637
            ],
            [
              39.18043636363637,
              -94.70046363636365
            ],
            [
              39.18016363636364,
              -94.70046363636365
            ],
            [
              39.18016363636364,
              -94.70073636363637
            ],
            [
              39.18043636363637,
              -94.70073636363637
            ]
          ]
        ]
      }
    },
    {
      "type": "Feature",
      "properties": {
        "projectId": 3,
        "projectName": "The Woods at Creekside, 4th Plat",
        "lotNumber": 14,
        "totalLotsInProject": 15,
        "parcelId": "20-4-0-18-000-000-010.003",
        "status": "Construction/Completion Activity 2024",
        "acres": 0.6533333333333334,
        "type": "Residential Subdivision"
      },
      "geometry": {
        "type": "Polygon",
        "coordinates": [
          [
            [
              39.18043636363637,
              -94.70043636363636
            ],
            [
              39.18043636363637,
              -94.70016363636364
            ],
            [
              39.18016363636364,
              -94.70016363636364
            ],
            [
              39.18016363636364,
              -94.70043636363636
            ],
            [
              39.18043636363637,
              -94.70043636363636
            ]
          ]
        ]
      }
    },
    {
      "type": "Feature",
      "properties": {
        "projectId": 3,
        "projectName": "The Woods at Creekside, 4th Plat",
        "lotNumber": 15,
        "totalLotsInProject": 15,
        "parcelId": "20-4-0-18-000-000-010.003",
        "status": "Construction/Completion Activity 2024",
        "acres": 0.6533333333333334,
        "type": "Residential Subdivision"
      },
      "geometry": {
        "type": "Polygon",
        "coordinates": [
          [
            [
              39.18043636363637,
              -94.70013636363636
            ],
            [
              39.18043636363637,
              -94.69986363636365
            ],
            [
              39.18016363636364,
              -94.69986363636365
            ],
            [
              39.18016363636364,
              -94.70013636363636
            ],
            [
              39.18043636363637,
              -94.70013636363636
            ]
          ]
        ]
      }
    },
    {
      "type": "Feature",
      "properties": {
        "projectId": 4,
        "projectName": "The Woods at Creekside, 5th Plat",
        "lotNumber": 1,
        "totalLotsInProject": 15,
        "parcelId": "20-4-0-18-000-000-010.003",
        "status": "Approved",
        "acres": 0.9600000000000001,
        "type": "Residential Subdivision"
      },
      "geometry": {
        "type": "Polygon",
        "coordinates": [
          [
            [
              39.16953636363637,
              -94.71073636363636
            ],
            [
              39.16953636363637,
              -94.71046363636364
            ],
            [
              39.16926363636364,
              -94.71046363636364
            ],
            [
              39.16926363636364,
              -94.71073636363636
            ],
            [
              39.16953636363637,
              -94.71073636363636
            ]
          ]
        ]
      }
    },
    {
      "type": "Feature",
      "properties": {
        "projectId": 4,
        "projectName": "The Woods at Creekside, 5th Plat",
        "lotNumber": 2,
        "totalLotsInProject": 15,
        "parcelId": "20-4-0-18-000-000-010.003",
        "status": "Approved",
        "acres": 0.9600000000000001,
        "type": "Residential Subdivision"
      },
      "geometry": {
        "type": "Polygon",
        "coordinates": [
          [
            [
              39.16953636363637,
              -94.71043636363635
            ],
            [
              39.16953636363637,
              -94.71016363636363
            ],
            [
              39.16926363636364,
              -94.71016363636363
            ],
            [
              39.16926363636364,
              -94.71043636363635
            ],
            [
              39.16953636363637,
              -94.71043636363635
            ]
          ]
        ]
      }
    },
    {
      "type": "Feature",
      "properties": {
        "projectId": 4,
        "projectName": "The Woods at Creekside, 5th Plat",
        "lotNumber": 3,
        "totalLotsInProject": 15,
        "parcelId": "20-4-0-18-000-000-010.003",
        "status": "Approved",
        "acres": 0.9600000000000001,
        "type": "Residential Subdivision"
      },
      "geometry": {
        "type": "Polygon",
        "coordinates": [
          [
            [
              39.16953636363637,
              -94.71013636363635
            ],
            [
              39.16953636363637,
              -94.70986363636364
            ],
            [
              39.16926363636364,
              -94.70986363636364
            ],
            [
              39.16926363636364,
              -94.71013636363635
            ],
            [
              39.16953636363637,
              -94.71013636363635
            ]
          ]
        ]
      }
    },
    {
      "type": "Feature",
      "properties": {
        "projectId": 4,
        "projectName": "The Woods at Creekside, 5th Plat",
        "lotNumber": 4,
        "totalLotsInProject": 15,
        "parcelId": "20-4-0-18-000-000-010.003",
        "status": "Approved",
        "acres": 0.9600000000000001,
        "type": "Residential Subdivision"
      },
      "geometry": {
        "type": "Polygon",
        "coordinates": [
          [
            [
              39.16953636363637,
              -94.70983636363636
            ],
            [
              39.16953636363637,
              -94.70956363636364
            ],
            [
              39.16926363636364,
              -94.70956363636364
            ],
            [
              39.16926363636364,
              -94.70983636363636
            ],
            [
              39.16953636363637,
              -94.70983636363636
            ]
          ]
        ]
      }
    },
    {
      "type": "Feature",
      "properties": {
        "projectId": 4,
        "projectName": "The Woods at Creekside, 5th Plat",
        "lotNumber": 5,
        "totalLotsInProject": 15,
        "parcelId": "20-4-0-18-000-000-010.003",
        "status": "Approved",
        "acres": 0.9600000000000001,
        "type": "Residential Subdivision"
      },
      "geometry": {
        "type": "Polygon",
        "coordinates": [
          [
            [
              39.169836363636364,
              -94.71073636363636
            ],
            [
              39.169836363636364,
              -94.71046363636364
            ],
            [
              39.169563636363634,
              -94.71046363636364
            ],
            [
              39.169563636363634,
              -94.71073636363636
            ],
            [
              39.169836363636364,
              -94.71073636363636
            ]
          ]
        ]
      }
    },
    {
      "type": "Feature",
      "properties": {
        "projectId": 4,
        "projectName": "The Woods at Creekside, 5th Plat",
        "lotNumber": 6,
        "totalLotsInProject": 15,
        "parcelId": "20-4-0-18-000-000-010.003",
        "status": "Approved",
        "acres": 0.9600000000000001,
        "type": "Residential Subdivision"
      },
      "geometry": {
        "type": "Polygon",
        "coordinates": [
          [
            [
              39.169836363636364,
              -94.71043636363635
            ],
            [
              39.169836363636364,
              -94.71016363636363
            ],
            [
              39.169563636363634,
              -94.71016363636363
            ],
            [
              39.169563636363634,
              -94.71043636363635
            ],
            [
              39.169836363636364,
              -94.71043636363635
            ]
          ]
        ]
      }
    },
    {
      "type": "Feature",
      "properties": {
        "projectId": 4,
        "projectName": "The Woods at Creekside, 5th Plat",
        "lotNumber": 7,
        "totalLotsInProject": 15,
        "parcelId": "20-4-0-18-000-000-010.003",
        "status": "Approved",
        "acres": 0.9600000000000001,
        "type": "Residential Subdivision"
      },
      "geometry": {
        "type": "Polygon",
        "coordinates": [
          [
            [
              39.169836363636364,
              -94.71013636363635
            ],
            [
              39.169836363636364,
              -94.70986363636364
            ],
            [
              39.169563636363634,
              -94.70986363636364
            ],
            [
              39.169563636363634,
              -94.71013636363635
            ],
            [
              39.169836363636364,
              -94.71013636363635
            ]
          ]
        ]
      }
    },
    {
      "type": "Feature",
      "properties": {
        "projectId": 4,
        "projectName": "The Woods at Creekside, 5th Plat",
        "lotNumber": 8,
        "totalLotsInProject": 15,
        "parcelId": "20-4-0-18-000-000-010.003",
        "status": "Approved",
        "acres": 0.9600000000000001,
        "type": "Residential Subdivision"
      },
      "geometry": {
        "type": "Polygon",
        "coordinates": [
          [
            [
              39.169836363636364,
              -94.70983636363636
            ],
            [
              39.169836363636364,
              -94.70956363636364
            ],
            [
              39.169563636363634,
              -94.70956363636364
            ],
            [
              39.169563636363634,
              -94.70983636363636
            ],
            [
              39.169836363636364,
              -94.70983636363636
            ]
          ]
        ]
      }
    },
    {
      "type": "Feature",
      "properties": {
        "projectId": 4,
        "projectName": "The Woods at Creekside, 5th Plat",
        "lotNumber": 9,
        "totalLotsInProject": 15,
        "parcelId": "20-4-0-18-000-000-010.003",
        "status": "Approved",
        "acres": 0.9600000000000001,
        "type": "Residential Subdivision"
      },
      "geometry": {
        "type": "Polygon",
        "coordinates": [
          [
            [
              39.17013636363637,
              -94.71073636363636
            ],
            [
              39.17013636363637,
              -94.71046363636364
            ],
            [
              39.16986363636364,
              -94.71046363636364
            ],
            [
              39.16986363636364,
              -94.71073636363636
            ],
            [
              39.17013636363637,
              -94.71073636363636
            ]
          ]
        ]
      }
    },
    {
      "type": "Feature",
      "properties": {
        "projectId": 4,
        "projectName": "The Woods at Creekside, 5th Plat",
        "lotNumber": 10,
        "totalLotsInProject": 15,
        "parcelId": "20-4-0-18-000-000-010.003",
        "status": "Approved",
        "acres": 0.9600000000000001,
        "type": "Residential Subdivision"
      },
      "geometry": {
        "type": "Polygon",
        "coordinates": [
          [
            [
              39.17013636363637,
              -94.71043636363635
            ],
            [
              39.17013636363637,
              -94.71016363636363
            ],
            [
              39.16986363636364,
              -94.71016363636363
            ],
            [
              39.16986363636364,
              -94.71043636363635
            ],
            [
              39.17013636363637,
              -94.71043636363635
            ]
          ]
        ]
      }
    },
    {
      "type": "Feature",
      "properties": {
        "projectId": 4,
        "projectName": "The Woods at Creekside, 5th Plat",
        "lotNumber": 11,
        "totalLotsInProject": 15,
        "parcelId": "20-4-0-18-000-000-010.003",
        "status": "Approved",
        "acres": 0.9600000000000001,
        "type": "Residential Subdivision"
      },
      "geometry": {
        "type": "Polygon",
        "coordinates": [
          [
            [
              39.17013636363637,
              -94.71013636363635
            ],
            [
              39.17013636363637,
              -94.70986363636364
            ],
            [
              39.16986363636364,
              -94.70986363636364
            ],
            [
              39.16986363636364,
              -94.71013636363635
            ],
            [
              39.17013636363637,
              -94.71013636363635
            ]
          ]
        ]
      }
    },
    {
      "type": "Feature",
      "properties": {
        "projectId": 4,
        "projectName": "The Woods at Creekside, 5th Plat",
        "lotNumber": 12,
        "totalLotsInProject": 15,
        "parcelId": "20-4-0-18-000-000-010.003",
        "status": "Approved",
        "acres": 0.9600000000000001,
        "type": "Residential Subdivision"
      },
      "geometry": {
        "type": "Polygon",
        "coordinates": [
          [
            [
              39.17013636363637,
              -94.70983636363636
            ],
            [
              39.17013636363637,
              -94.70956363636364
            ],
            [
              39.16986363636364,
              -94.70956363636364
            ],
            [
              39.16986363636364,
              -94.70983636363636
            ],
            [
              39.17013636363637,
              -94.70983636363636
            ]
          ]
        ]
      }
    },
    {
      "type": "Feature",
      "properties": {
        "projectId": 4,
        "projectName": "The Woods at Creekside, 5th Plat",
        "lotNumber": 13,
        "totalLotsInProject": 15,
        "parcelId": "20-4-0-18-000-000-010.003",
        "status": "Approved",
        "acres": 0.9600000000000001,
        "type": "Residential Subdivision"
      },
      "geometry": {
        "type": "Polygon",
        "coordinates": [
          [
            [
              39.17043636363637,
              -94.71073636363636
            ],
            [
              39.17043636363637,
              -94.71046363636364
            ],
            [
              39.17016363636364,
              -94.71046363636364
            ],
            [
              39.17016363636364,
              -94.71073636363636
            ],
            [
              39.17043636363637,
              -94.71073636363636
            ]
          ]
        ]
      }
    },
    {
      "type": "Feature",
      "properties": {
        "projectId": 4,
        "projectName": "The Woods at Creekside, 5th Plat",
        "lotNumber": 14,
        "totalLotsInProject": 15,
        "parcelId": "20-4-0-18-000-000-010.003",
        "status": "Approved",
        "acres": 0.9600000000000001,
        "type": "Residential Subdivision"
      },
      "geometry": {
        "type": "Polygon",
        "coordinates": [
          [
            [
              39.17043636363637,
              -94.71043636363635
            ],
            [
              39.17043636363637,
              -94.71016363636363
            ],
            [
              39.17016363636364,
              -94.71016363636363
            ],
            [
              39.17016363636364,
              -94.71043636363635
            ],
            [
              39.17043636363637,
              -94.71043636363635
            ]
          ]
        ]
      }
    },
    {
      "type": "Feature",
      "properties": {
        "projectId": 4,
        "projectName": "The Woods at Creekside, 5th Plat",
        "lotNumber": 15,
        "totalLotsInProject": 15,
        "parcelId": "20-4-0-18-000-000-010.003",
        "status": "Approved",
        "acres": 0.9600000000000001,
        "type": "Residential Subdivision"
      },
      "geometry": {
        "type": "Polygon",
        "coordinates": [
          [
            [
              39.17043636363637,
              -94.71013636363635
            ],
            [
              39.17043636363637,
              -94.70986363636364
            ],
            [
              39.17016363636364,
              -94.70986363636364
            ],
            [
              39.17016363636364,
              -94.71013636363635
            ],
            [
              39.17043636363637,
              -94.71013636363635
            ]
          ]
        ]
      }
    },
    {
      "type": "Feature",
      "properties": {
        "projectId": 5,
        "projectName": "Thousand Oaks 25th Plat",
        "lotNumber": 1,
        "totalLotsInProject": 25,
        "parcelId": "20-9-0-29-000-000-010.001",
        "status": "Approved",
        "acres": 1.064,
        "type": "Residential Subdivision"
      },
      "geometry": {
        "type": "Polygon",
        "coordinates": [
          [
            [
              39.189386363636366,
              -94.65088636363636
            ],
            [
              39.189386363636366,
              -94.65061363636364
            ],
            [
              39.189113636363636,
              -94.65061363636364
            ],
            [
              39.189113636363636,
              -94.65088636363636
            ],
            [
              39.189386363636366,
              -94.65088636363636
            ]
          ]
        ]
      }
    },
    {
      "type": "Feature",
      "properties": {
        "projectId": 5,
        "projectName": "Thousand Oaks 25th Plat",
        "lotNumber": 2,
        "totalLotsInProject": 25,
        "parcelId": "20-9-0-29-000-000-010.001",
        "status": "Approved",
        "acres": 1.064,
        "type": "Residential Subdivision"
      },
      "geometry": {
        "type": "Polygon",
        "coordinates": [
          [
            [
              39.189386363636366,
              -94.65058636363636
            ],
            [
              39.189386363636366,
              -94.65031363636365
            ],
            [
              39.189113636363636,
              -94.65031363636365
            ],
            [
              39.189113636363636,
              -94.65058636363636
            ],
            [
              39.189386363636366,
              -94.65058636363636
            ]
          ]
        ]
      }
    },
    {
      "type": "Feature",
      "properties": {
        "projectId": 5,
        "projectName": "Thousand Oaks 25th Plat",
        "lotNumber": 3,
        "totalLotsInProject": 25,
        "parcelId": "20-9-0-29-000-000-010.001",
        "status": "Approved",
        "acres": 1.064,
        "type": "Residential Subdivision"
      },
      "geometry": {
        "type": "Polygon",
        "coordinates": [
          [
            [
              39.189386363636366,
              -94.65028636363637
            ],
            [
              39.189386363636366,
              -94.65001363636365
            ],
            [
              39.189113636363636,
              -94.65001363636365
            ],
            [
              39.189113636363636,
              -94.65028636363637
            ],
            [
              39.189386363636366,
              -94.65028636363637
            ]
          ]
        ]
      }
    },
    {
      "type": "Feature",
      "properties": {
        "projectId": 5,
        "projectName": "Thousand Oaks 25th Plat",
        "lotNumber": 4,
        "totalLotsInProject": 25,
        "parcelId": "20-9-0-29-000-000-010.001",
        "status": "Approved",
        "acres": 1.064,
        "type": "Residential Subdivision"
      },
      "geometry": {
        "type": "Polygon",
        "coordinates": [
          [
            [
              39.189386363636366,
              -94.64998636363636
            ],
            [
              39.189386363636366,
              -94.64971363636364
            ],
            [
              39.189113636363636,
              -94.64971363636364
            ],
            [
              39.189113636363636,
              -94.64998636363636
            ],
            [
              39.189386363636366,
              -94.64998636363636
            ]
          ]
        ]
      }
    },
    {
      "type": "Feature",
      "properties": {
        "projectId": 5,
        "projectName": "Thousand Oaks 25th Plat",
        "lotNumber": 5,
        "totalLotsInProject": 25,
        "parcelId": "20-9-0-29-000-000-010.001",
        "status": "Approved",
        "acres": 1.064,
        "type": "Residential Subdivision"
      },
      "geometry": {
        "type": "Polygon",
        "coordinates": [
          [
            [
              39.189386363636366,
              -94.64968636363636
            ],
            [
              39.189386363636366,
              -94.64941363636365
            ],
            [
              39.189113636363636,
              -94.64941363636365
            ],
            [
              39.189113636363636,
              -94.64968636363636
            ],
            [
              39.189386363636366,
              -94.64968636363636
            ]
          ]
        ]
      }
    },
    {
      "type": "Feature",
      "properties": {
        "projectId": 5,
        "projectName": "Thousand Oaks 25th Plat",
        "lotNumber": 6,
        "totalLotsInProject": 25,
        "parcelId": "20-9-0-29-000-000-010.001",
        "status": "Approved",
        "acres": 1.064,
        "type": "Residential Subdivision"
      },
      "geometry": {
        "type": "Polygon",
        "coordinates": [
          [
            [
              39.18968636363636,
              -94.65088636363636
            ],
            [
              39.18968636363636,
              -94.65061363636364
            ],
            [
              39.18941363636363,
              -94.65061363636364
            ],
            [
              39.18941363636363,
              -94.65088636363636
            ],
            [
              39.18968636363636,
              -94.65088636363636
            ]
          ]
        ]
      }
    },
    {
      "type": "Feature",
      "properties": {
        "projectId": 5,
        "projectName": "Thousand Oaks 25th Plat",
        "lotNumber": 7,
        "totalLotsInProject": 25,
        "parcelId": "20-9-0-29-000-000-010.001",
        "status": "Approved",
        "acres": 1.064,
        "type": "Residential Subdivision"
      },
      "geometry": {
        "type": "Polygon",
        "coordinates": [
          [
            [
              39.18968636363636,
              -94.65058636363636
            ],
            [
              39.18968636363636,
              -94.65031363636365
            ],
            [
              39.18941363636363,
              -94.65031363636365
            ],
            [
              39.18941363636363,
              -94.65058636363636
            ],
            [
              39.18968636363636,
              -94.65058636363636
            ]
          ]
        ]
      }
    },
    {
      "type": "Feature",
      "properties": {
        "projectId": 5,
        "projectName": "Thousand Oaks 25th Plat",
        "lotNumber": 8,
        "totalLotsInProject": 25,
        "parcelId": "20-9-0-29-000-000-010.001",
        "status": "Approved",
        "acres": 1.064,
        "type": "Residential Subdivision"
      },
      "geometry": {
        "type": "Polygon",
        "coordinates": [
          [
            [
              39.18968636363636,
              -94.65028636363637
            ],
            [
              39.18968636363636,
              -94.65001363636365
            ],
            [
              39.18941363636363,
              -94.65001363636365
            ],
            [
              39.18941363636363,
              -94.65028636363637
            ],
            [
              39.18968636363636,
              -94.65028636363637
            ]
          ]
        ]
      }
    },
    {
      "type": "Feature",
      "properties": {
        "projectId": 5,
        "projectName": "Thousand Oaks 25th Plat",
        "lotNumber": 9,
        "totalLotsInProject": 25,
        "parcelId": "20-9-0-29-000-000-010.001",
        "status": "Approved",
        "acres": 1.064,
        "type": "Residential Subdivision"
      },
      "geometry": {
        "type": "Polygon",
        "coordinates": [
          [
            [
              39.18968636363636,
              -94.64998636363636
            ],
            [
              39.18968636363636,
              -94.64971363636364
            ],
            [
              39.18941363636363,
              -94.64971363636364
            ],
            [
              39.18941363636363,
              -94.64998636363636
            ],
            [
              39.18968636363636,
              -94.64998636363636
            ]
          ]
        ]
      }
    },
    {
      "type": "Feature",
      "properties": {
        "projectId": 5,
        "projectName": "Thousand Oaks 25th Plat",
        "lotNumber": 10,
        "totalLotsInProject": 25,
        "parcelId": "20-9-0-29-000-000-010.001",
        "status": "Approved",
        "acres": 1.064,
        "type": "Residential Subdivision"
      },
      "geometry": {
        "type": "Polygon",
        "coordinates": [
          [
            [
              39.18968636363636,
              -94.64968636363636
            ],
            [
              39.18968636363636,
              -94.64941363636365
            ],
            [
              39.18941363636363,
              -94.64941363636365
            ],
            [
              39.18941363636363,
              -94.64968636363636
            ],
            [
              39.18968636363636,
              -94.64968636363636
            ]
          ]
        ]
      }
    },
    {
      "type": "Feature",
      "properties": {
        "projectId": 5,
        "projectName": "Thousand Oaks 25th Plat",
        "lotNumber": 11,
        "totalLotsInProject": 25,
        "parcelId": "20-9-0-29-000-000-010.001",
        "status": "Approved",
        "acres": 1.064,
        "type": "Residential Subdivision"
      },
      "geometry": {
        "type": "Polygon",
        "coordinates": [
          [
            [
              39.189986363636365,
              -94.65088636363636
            ],
            [
              39.189986363636365,
              -94.65061363636364
            ],
            [
              39.189713636363635,
              -94.65061363636364
            ],
            [
              39.189713636363635,
              -94.65088636363636
            ],
            [
              39.189986363636365,
              -94.65088636363636
            ]
          ]
        ]
      }
    },
    {
      "type": "Feature",
      "properties": {
        "projectId": 5,
        "projectName": "Thousand Oaks 25th Plat",
        "lotNumber": 12,
        "totalLotsInProject": 25,
        "parcelId": "20-9-0-29-000-000-010.001",
        "status": "Approved",
        "acres": 1.064,
        "type": "Residential Subdivision"
      },
      "geometry": {
        "type": "Polygon",
        "coordinates": [
          [
            [
              39.189986363636365,
              -94.65058636363636
            ],
            [
              39.189986363636365,
              -94.65031363636365
            ],
            [
              39.189713636363635,
              -94.65031363636365
            ],
            [
              39.189713636363635,
              -94.65058636363636
            ],
            [
              39.189986363636365,
              -94.65058636363636
            ]
          ]
        ]
      }
    },
    {
      "type": "Feature",
      "properties": {
        "projectId": 5,
        "projectName": "Thousand Oaks 25th Plat",
        "lotNumber": 13,
        "totalLotsInProject": 25,
        "parcelId": "20-9-0-29-000-000-010.001",
        "status": "Approved",
        "acres": 1.064,
        "type": "Residential Subdivision"
      },
      "geometry": {
        "type": "Polygon",
        "coordinates": [
          [
            [
              39.189986363636365,
              -94.65028636363637
            ],
            [
              39.189986363636365,
              -94.65001363636365
            ],
            [
              39.189713636363635,
              -94.65001363636365
            ],
            [
              39.189713636363635,
              -94.65028636363637
            ],
            [
              39.189986363636365,
              -94.65028636363637
            ]
          ]
        ]
      }
    },
    {
      "type": "Feature",
      "properties": {
        "projectId": 5,
        "projectName": "Thousand Oaks 25th Plat",
        "lotNumber": 14,
        "totalLotsInProject": 25,
        "parcelId": "20-9-0-29-000-000-010.001",
        "status": "Approved",
        "acres": 1.064,
        "type": "Residential Subdivision"
      },
      "geometry": {
        "type": "Polygon",
        "coordinates": [
          [
            [
              39.189986363636365,
              -94.64998636363636
            ],
            [
              39.189986363636365,
              -94.64971363636364
            ],
            [
              39.189713636363635,
              -94.64971363636364
            ],
            [
              39.189713636363635,
              -94.64998636363636
            ],
            [
              39.189986363636365,
              -94.64998636363636
            ]
          ]
        ]
      }
    },
    {
      "type": "Feature",
      "properties": {
        "projectId": 5,
        "projectName": "Thousand Oaks 25th Plat",
        "lotNumber": 15,
        "totalLotsInProject": 25,
        "parcelId": "20-9-0-29-000-000-010.001",
        "status": "Approved",
        "acres": 1.064,
        "type": "Residential Subdivision"
      },
      "geometry": {
        "type": "Polygon",
        "coordinates": [
          [
            [
              39.189986363636365,
              -94.64968636363636
            ],
            [
              39.189986363636365,
              -94.64941363636365
            ],
            [
              39.189713636363635,
              -94.64941363636365
            ],
            [
              39.189713636363635,
              -94.64968636363636
            ],
            [
              39.189986363636365,
              -94.64968636363636
            ]
          ]
        ]
      }
    },
    {
      "type": "Feature",
      "properties": {
        "projectId": 5,
        "projectName": "Thousand Oaks 25th Plat",
        "lotNumber": 16,
        "totalLotsInProject": 25,
        "parcelId": "20-9-0-29-000-000-010.001",
        "status": "Approved",
        "acres": 1.064,
        "type": "Residential Subdivision"
      },
      "geometry": {
        "type": "Polygon",
        "coordinates": [
          [
            [
              39.19028636363636,
              -94.65088636363636
            ],
            [
              39.19028636363636,
              -94.65061363636364
            ],
            [
              39.19001363636363,
              -94.65061363636364
            ],
            [
              39.19001363636363,
              -94.65088636363636
            ],
            [
              39.19028636363636,
              -94.65088636363636
            ]
          ]
        ]
      }
    },
    {
      "type": "Feature",
      "properties": {
        "projectId": 5,
        "projectName": "Thousand Oaks 25th Plat",
        "lotNumber": 17,
        "totalLotsInProject": 25,
        "parcelId": "20-9-0-29-000-000-010.001",
        "status": "Approved",
        "acres": 1.064,
        "type": "Residential Subdivision"
      },
      "geometry": {
        "type": "Polygon",
        "coordinates": [
          [
            [
              39.19028636363636,
              -94.65058636363636
            ],
            [
              39.19028636363636,
              -94.65031363636365
            ],
            [
              39.19001363636363,
              -94.65031363636365
            ],
            [
              39.19001363636363,
              -94.65058636363636
            ],
            [
              39.19028636363636,
              -94.65058636363636
            ]
          ]
        ]
      }
    },
    {
      "type": "Feature",
      "properties": {
        "projectId": 5,
        "projectName": "Thousand Oaks 25th Plat",
        "lotNumber": 18,
        "totalLotsInProject": 25,
        "parcelId": "20-9-0-29-000-000-010.001",
        "status": "Approved",
        "acres": 1.064,
        "type": "Residential Subdivision"
      },
      "geometry": {
        "type": "Polygon",
        "coordinates": [
          [
            [
              39.19028636363636,
              -94.65028636363637
            ],
            [
              39.19028636363636,
              -94.65001363636365
            ],
            [
              39.19001363636363,
              -94.65001363636365
            ],
            [
              39.19001363636363,
              -94.65028636363637
            ],
            [
              39.19028636363636,
              -94.65028636363637
            ]
          ]
        ]
      }
    },
    {
      "type": "Feature",
      "properties": {
        "projectId": 5,
        "projectName": "Thousand Oaks 25th Plat",
        "lotNumber": 19,
        "totalLotsInProject": 25,
        "parcelId": "20-9-0-29-000-000-010.001",
        "status": "Approved",
        "acres": 1.064,
        "type": "Residential Subdivision"
      },
      "geometry": {
        "type": "Polygon",
        "coordinates": [
          [
            [
              39.19028636363636,
              -94.64998636363636
            ],
            [
              39.19028636363636,
              -94.64971363636364
            ],
            [
              39.19001363636363,
              -94.64971363636364
            ],
            [
              39.19001363636363,
              -94.64998636363636
            ],
            [
              39.19028636363636,
              -94.64998636363636
            ]
          ]
        ]
      }
    },
    {
      "type": "Feature",
      "properties": {
        "projectId": 5,
        "projectName": "Thousand Oaks 25th Plat",
        "lotNumber": 20,
        "totalLotsInProject": 25,
        "parcelId": "20-9-0-29-000-000-010.001",
        "status": "Approved",
        "acres": 1.064,
        "type": "Residential Subdivision"
      },
      "geometry": {
        "type": "Polygon",
        "coordinates": [
          [
            [
              39.19028636363636,
              -94.64968636363636
            ],
            [
              39.19028636363636,
              -94.64941363636365
            ],
            [
              39.19001363636363,
              -94.64941363636365
            ],
            [
              39.19001363636363,
              -94.64968636363636
            ],
            [
              39.19028636363636,
              -94.64968636363636
            ]
          ]
        ]
      }
    },
    {
      "type": "Feature",
      "properties": {
        "projectId": 5,
        "projectName": "Thousand Oaks 25th Plat",
        "lotNumber": 21,
        "totalLotsInProject": 25,
        "parcelId": "20-9-0-29-000-000-010.001",
        "status": "Approved",
        "acres": 1.064,
        "type": "Residential Subdivision"
      },
      "geometry": {
        "type": "Polygon",
        "coordinates": [
          [
            [
              39.19058636363636,
              -94.65088636363636
            ],
            [
              39.19058636363636,
              -94.65061363636364
            ],
            [
              39.19031363636363,
              -94.65061363636364
            ],
            [
              39.19031363636363,
              -94.65088636363636
            ],
            [
              39.19058636363636,
              -94.65088636363636
            ]
          ]
        ]
      }
    },
    {
      "type": "Feature",
      "properties": {
        "projectId": 5,
        "projectName": "Thousand Oaks 25th Plat",
        "lotNumber": 22,
        "totalLotsInProject": 25,
        "parcelId": "20-9-0-29-000-000-010.001",
        "status": "Approved",
        "acres": 1.064,
        "type": "Residential Subdivision"
      },
      "geometry": {
        "type": "Polygon",
        "coordinates": [
          [
            [
              39.19058636363636,
              -94.65058636363636
            ],
            [
              39.19058636363636,
              -94.65031363636365
            ],
            [
              39.19031363636363,
              -94.65031363636365
            ],
            [
              39.19031363636363,
              -94.65058636363636
            ],
            [
              39.19058636363636,
              -94.65058636363636
            ]
          ]
        ]
      }
    },
    {
      "type": "Feature",
      "properties": {
        "projectId": 5,
        "projectName": "Thousand Oaks 25th Plat",
        "lotNumber": 23,
        "totalLotsInProject": 25,
        "parcelId": "20-9-0-29-000-000-010.001",
        "status": "Approved",
        "acres": 1.064,
        "type": "Residential Subdivision"
      },
      "geometry": {
        "type": "Polygon",
        "coordinates": [
          [
            [
              39.19058636363636,
              -94.65028636363637
            ],
            [
              39.19058636363636,
              -94.65001363636365
            ],
            [
              39.19031363636363,
              -94.65001363636365
            ],
            [
              39.19031363636363,
              -94.65028636363637
            ],
            [
              39.19058636363636,
              -94.65028636363637
            ]
          ]
        ]
      }
    },
    {
      "type": "Feature",
      "properties": {
        "projectId": 5,
        "projectName": "Thousand Oaks 25th Plat",
        "lotNumber": 24,
        "totalLotsInProject": 25,
        "parcelId": "20-9-0-29-000-000-010.001",
        "status": "Approved",
        "acres": 1.064,
        "type": "Residential Subdivision"
      },
      "geometry": {
        "type": "Polygon",
        "coordinates": [
          [
            [
              39.19058636363636,
              -94.64998636363636
            ],
            [
              39.19058636363636,
              -94.64971363636364
            ],
            [
              39.19031363636363,
              -94.64971363636364
            ],
            [
              39.19031363636363,
              -94.64998636363636
            ],
            [
              39.19058636363636,
              -94.64998636363636
            ]
          ]
        ]
      }
    },
    {
      "type": "Feature",
      "properties": {
        "projectId": 5,
        "projectName": "Thousand Oaks 25th Plat",
        "lotNumber": 25,
        "totalLotsInProject": 25,
        "parcelId": "20-9-0-29-000-000-010.001",
        "status": "Approved",
        "acres": 1.064,
        "type": "Residential Subdivision"
      },
      "geometry": {
        "type": "Polygon",
        "coordinates": [
          [
            [
              39.19058636363636,
              -94.64968636363636
            ],
            [
              39.19058636363636,
              -94.64941363636365
            ],
            [
              39.19031363636363,
              -94.64941363636365
            ],
            [
              39.19031363636363,
              -94.64968636363636
            ],
            [
              39.19058636363636,
              -94.64968636363636
            ]
          ]
        ]
      }
    },
    {
      "type": "Feature",
      "properties": {
        "projectId": 6,
        "projectName": "Thousand Oaks 26th Plat",
        "lotNumber": 1,
        "totalLotsInProject": 18,
        "parcelId": "20-9-0-30-000-000-012.000",
        "status": "Preliminary Plat Approved",
        "acres": 1.0499999999999998,
        "type": "Residential Subdivision"
      },
      "geometry": {
        "type": "Polygon",
        "coordinates": [
          [
            [
              39.189386363636366,
              -94.66088636363635
            ],
            [
              39.189386363636366,
              -94.66061363636364
            ],
            [
              39.189113636363636,
              -94.66061363636364
            ],
            [
              39.189113636363636,
              -94.66088636363635
            ],
            [
              39.189386363636366,
              -94.66088636363635
            ]
          ]
        ]
      }
    },
    {
      "type": "Feature",
      "properties": {
        "projectId": 6,
        "projectName": "Thousand Oaks 26th Plat",
        "lotNumber": 2,
        "totalLotsInProject": 18,
        "parcelId": "20-9-0-30-000-000-012.000",
        "status": "Preliminary Plat Approved",
        "acres": 1.0499999999999998,
        "type": "Residential Subdivision"
      },
      "geometry": {
        "type": "Polygon",
        "coordinates": [
          [
            [
              39.189386363636366,
              -94.66058636363636
            ],
            [
              39.189386363636366,
              -94.66031363636364
            ],
            [
              39.189113636363636,
              -94.66031363636364
            ],
            [
              39.189113636363636,
              -94.66058636363636
            ],
            [
              39.189386363636366,
              -94.66058636363636
            ]
          ]
        ]
      }
    },
    {
      "type": "Feature",
      "properties": {
        "projectId": 6,
        "projectName": "Thousand Oaks 26th Plat",
        "lotNumber": 3,
        "totalLotsInProject": 18,
        "parcelId": "20-9-0-30-000-000-012.000",
        "status": "Preliminary Plat Approved",
        "acres": 1.0499999999999998,
        "type": "Residential Subdivision"
      },
      "geometry": {
        "type": "Polygon",
        "coordinates": [
          [
            [
              39.189386363636366,
              -94.66028636363636
            ],
            [
              39.189386363636366,
              -94.66001363636364
            ],
            [
              39.189113636363636,
              -94.66001363636364
            ],
            [
              39.189113636363636,
              -94.66028636363636
            ],
            [
              39.189386363636366,
              -94.66028636363636
            ]
          ]
        ]
      }
    },
    {
      "type": "Feature",
      "properties": {
        "projectId": 6,
        "projectName": "Thousand Oaks 26th Plat",
        "lotNumber": 4,
        "totalLotsInProject": 18,
        "parcelId": "20-9-0-30-000-000-012.000",
        "status": "Preliminary Plat Approved",
        "acres": 1.0499999999999998,
        "type": "Residential Subdivision"
      },
      "geometry": {
        "type": "Polygon",
        "coordinates": [
          [
            [
              39.189386363636366,
              -94.65998636363635
            ],
            [
              39.189386363636366,
              -94.65971363636363
            ],
            [
              39.189113636363636,
              -94.65971363636363
            ],
            [
              39.189113636363636,
              -94.65998636363635
            ],
            [
              39.189386363636366,
              -94.65998636363635
            ]
          ]
        ]
      }
    },
    {
      "type": "Feature",
      "properties": {
        "projectId": 6,
        "projectName": "Thousand Oaks 26th Plat",
        "lotNumber": 5,
        "totalLotsInProject": 18,
        "parcelId": "20-9-0-30-000-000-012.000",
        "status": "Preliminary Plat Approved",
        "acres": 1.0499999999999998,
        "type": "Residential Subdivision"
      },
      "geometry": {
        "type": "Polygon",
        "coordinates": [
          [
            [
              39.189386363636366,
              -94.65968636363635
            ],
            [
              39.189386363636366,
              -94.65941363636364
            ],
            [
              39.189113636363636,
              -94.65941363636364
            ],
            [
              39.189113636363636,
              -94.65968636363635
            ],
            [
              39.189386363636366,
              -94.65968636363635
            ]
          ]
        ]
      }
    },
    {
      "type": "Feature",
      "properties": {
        "projectId": 6,
        "projectName": "Thousand Oaks 26th Plat",
        "lotNumber": 6,
        "totalLotsInProject": 18,
        "parcelId": "20-9-0-30-000-000-012.000",
        "status": "Preliminary Plat Approved",
        "acres": 1.0499999999999998,
        "type": "Residential Subdivision"
      },
      "geometry": {
        "type": "Polygon",
        "coordinates": [
          [
            [
              39.18968636363636,
              -94.66088636363635
            ],
            [
              39.18968636363636,
              -94.66061363636364
            ],
            [
              39.18941363636363,
              -94.66061363636364
            ],
            [
              39.18941363636363,
              -94.66088636363635
            ],
            [
              39.18968636363636,
              -94.66088636363635
            ]
          ]
        ]
      }
    },
    {
      "type": "Feature",
      "properties": {
        "projectId": 6,
        "projectName": "Thousand Oaks 26th Plat",
        "lotNumber": 7,
        "totalLotsInProject": 18,
        "parcelId": "20-9-0-30-000-000-012.000",
        "status": "Preliminary Plat Approved",
        "acres": 1.0499999999999998,
        "type": "Residential Subdivision"
      },
      "geometry": {
        "type": "Polygon",
        "coordinates": [
          [
            [
              39.18968636363636,
              -94.66058636363636
            ],
            [
              39.18968636363636,
              -94.66031363636364
            ],
            [
              39.18941363636363,
              -94.66031363636364
            ],
            [
              39.18941363636363,
              -94.66058636363636
            ],
            [
              39.18968636363636,
              -94.66058636363636
            ]
          ]
        ]
      }
    },
    {
      "type": "Feature",
      "properties": {
        "projectId": 6,
        "projectName": "Thousand Oaks 26th Plat",
        "lotNumber": 8,
        "totalLotsInProject": 18,
        "parcelId": "20-9-0-30-000-000-012.000",
        "status": "Preliminary Plat Approved",
        "acres": 1.0499999999999998,
        "type": "Residential Subdivision"
      },
      "geometry": {
        "type": "Polygon",
        "coordinates": [
          [
            [
              39.18968636363636,
              -94.66028636363636
            ],
            [
              39.18968636363636,
              -94.66001363636364
            ],
            [
              39.18941363636363,
              -94.66001363636364
            ],
            [
              39.18941363636363,
              -94.66028636363636
            ],
            [
              39.18968636363636,
              -94.66028636363636
            ]
          ]
        ]
      }
    },
    {
      "type": "Feature",
      "properties": {
        "projectId": 6,
        "projectName": "Thousand Oaks 26th Plat",
        "lotNumber": 9,
        "totalLotsInProject": 18,
        "parcelId": "20-9-0-30-000-000-012.000",
        "status": "Preliminary Plat Approved",
        "acres": 1.0499999999999998,
        "type": "Residential Subdivision"
      },
      "geometry": {
        "type": "Polygon",
        "coordinates": [
          [
            [
              39.18968636363636,
              -94.65998636363635
            ],
            [
              39.18968636363636,
              -94.65971363636363
            ],
            [
              39.18941363636363,
              -94.65971363636363
            ],
            [
              39.18941363636363,
              -94.65998636363635
            ],
            [
              39.18968636363636,
              -94.65998636363635
            ]
          ]
        ]
      }
    },
    {
      "type": "Feature",
      "properties": {
        "projectId": 6,
        "projectName": "Thousand Oaks 26th Plat",
        "lotNumber": 10,
        "totalLotsInProject": 18,
        "parcelId": "20-9-0-30-000-000-012.000",
        "status": "Preliminary Plat Approved",
        "acres": 1.0499999999999998,
        "type": "Residential Subdivision"
      },
      "geometry": {
        "type": "Polygon",
        "coordinates": [
          [
            [
              39.18968636363636,
              -94.65968636363635
            ],
            [
              39.18968636363636,
              -94.65941363636364
            ],
            [
              39.18941363636363,
              -94.65941363636364
            ],
            [
              39.18941363636363,
              -94.65968636363635
            ],
            [
              39.18968636363636,
              -94.65968636363635
            ]
          ]
        ]
      }
    },
    {
      "type": "Feature",
      "properties": {
        "projectId": 6,
        "projectName": "Thousand Oaks 26th Plat",
        "lotNumber": 11,
        "totalLotsInProject": 18,
        "parcelId": "20-9-0-30-000-000-012.000",
        "status": "Preliminary Plat Approved",
        "acres": 1.0499999999999998,
        "type": "Residential Subdivision"
      },
      "geometry": {
        "type": "Polygon",
        "coordinates": [
          [
            [
              39.189986363636365,
              -94.66088636363635
            ],
            [
              39.189986363636365,
              -94.66061363636364
            ],
            [
              39.189713636363635,
              -94.66061363636364
            ],
            [
              39.189713636363635,
              -94.66088636363635
            ],
            [
              39.189986363636365,
              -94.66088636363635
            ]
          ]
        ]
      }
    },
    {
      "type": "Feature",
      "properties": {
        "projectId": 6,
        "projectName": "Thousand Oaks 26th Plat",
        "lotNumber": 12,
        "totalLotsInProject": 18,
        "parcelId": "20-9-0-30-000-000-012.000",
        "status": "Preliminary Plat Approved",
        "acres": 1.0499999999999998,
        "type": "Residential Subdivision"
      },
      "geometry": {
        "type": "Polygon",
        "coordinates": [
          [
            [
              39.189986363636365,
              -94.66058636363636
            ],
            [
              39.189986363636365,
              -94.66031363636364
            ],
            [
              39.189713636363635,
              -94.66031363636364
            ],
            [
              39.189713636363635,
              -94.66058636363636
            ],
            [
              39.189986363636365,
              -94.66058636363636
            ]
          ]
        ]
      }
    },
    {
      "type": "Feature",
      "properties": {
        "projectId": 6,
        "projectName": "Thousand Oaks 26th Plat",
        "lotNumber": 13,
        "totalLotsInProject": 18,
        "parcelId": "20-9-0-30-000-000-012.000",
        "status": "Preliminary Plat Approved",
        "acres": 1.0499999999999998,
        "type": "Residential Subdivision"
      },
      "geometry": {
        "type": "Polygon",
        "coordinates": [
          [
            [
              39.189986363636365,
              -94.66028636363636
            ],
            [
              39.189986363636365,
              -94.66001363636364
            ],
            [
              39.189713636363635,
              -94.66001363636364
            ],
            [
              39.189713636363635,
              -94.66028636363636
            ],
            [
              39.189986363636365,
              -94.66028636363636
            ]
          ]
        ]
      }
    },
    {
      "type": "Feature",
      "properties": {
        "projectId": 6,
        "projectName": "Thousand Oaks 26th Plat",
        "lotNumber": 14,
        "totalLotsInProject": 18,
        "parcelId": "20-9-0-30-000-000-012.000",
        "status": "Preliminary Plat Approved",
        "acres": 1.0499999999999998,
        "type": "Residential Subdivision"
      },
      "geometry": {
        "type": "Polygon",
        "coordinates": [
          [
            [
              39.189986363636365,
              -94.65998636363635
            ],
            [
              39.189986363636365,
              -94.65971363636363
            ],
            [
              39.189713636363635,
              -94.65971363636363
            ],
            [
              39.189713636363635,
              -94.65998636363635
            ],
            [
              39.189986363636365,
              -94.65998636363635
            ]
          ]
        ]
      }
    },
    {
      "type": "Feature",
      "properties": {
        "projectId": 6,
        "projectName": "Thousand Oaks 26th Plat",
        "lotNumber": 15,
        "totalLotsInProject": 18,
        "parcelId": "20-9-0-30-000-000-012.000",
        "status": "Preliminary Plat Approved",
        "acres": 1.0499999999999998,
        "type": "Residential Subdivision"
      },
      "geometry": {
        "type": "Polygon",
        "coordinates": [
          [
            [
              39.189986363636365,
              -94.65968636363635
            ],
            [
              39.189986363636365,
              -94.65941363636364
            ],
            [
              39.189713636363635,
              -94.65941363636364
            ],
            [
              39.189713636363635,
              -94.65968636363635
            ],
            [
              39.189986363636365,
              -94.65968636363635
            ]
          ]
        ]
      }
    },
    {
      "type": "Feature",
      "properties": {
        "projectId": 6,
        "projectName": "Thousand Oaks 26th Plat",
        "lotNumber": 16,
        "totalLotsInProject": 18,
        "parcelId": "20-9-0-30-000-000-012.000",
        "status": "Preliminary Plat Approved",
        "acres": 1.0499999999999998,
        "type": "Residential Subdivision"
      },
      "geometry": {
        "type": "Polygon",
        "coordinates": [
          [
            [
              39.19028636363636,
              -94.66088636363635
            ],
            [
              39.19028636363636,
              -94.66061363636364
            ],
            [
              39.19001363636363,
              -94.66061363636364
            ],
            [
              39.19001363636363,
              -94.66088636363635
            ],
            [
              39.19028636363636,
              -94.66088636363635
            ]
          ]
        ]
      }
    },
    {
      "type": "Feature",
      "properties": {
        "projectId": 6,
        "projectName": "Thousand Oaks 26th Plat",
        "lotNumber": 17,
        "totalLotsInProject": 18,
        "parcelId": "20-9-0-30-000-000-012.000",
        "status": "Preliminary Plat Approved",
        "acres": 1.0499999999999998,
        "type": "Residential Subdivision"
      },
      "geometry": {
        "type": "Polygon",
        "coordinates": [
          [
            [
              39.19028636363636,
              -94.66058636363636
            ],
            [
              39.19028636363636,
              -94.66031363636364
            ],
            [
              39.19001363636363,
              -94.66031363636364
            ],
            [
              39.19001363636363,
              -94.66058636363636
            ],
            [
              39.19028636363636,
              -94.66058636363636
            ]
          ]
        ]
      }
    },
    {
      "type": "Feature",
      "properties": {
        "projectId": 6,
        "projectName": "Thousand Oaks 26th Plat",
        "lotNumber": 18,
        "totalLotsInProject": 18,
        "parcelId": "20-9-0-30-000-000-012.000",
        "status": "Preliminary Plat Approved",
        "acres": 1.0499999999999998,
        "type": "Residential Subdivision"
      },
      "geometry": {
        "type": "Polygon",
        "coordinates": [
          [
            [
              39.19028636363636,
              -94.66028636363636
            ],
            [
              39.19028636363636,
              -94.66001363636364
            ],
            [
              39.19001363636363,
              -94.66001363636364
            ],
            [
              39.19001363636363,
              -94.66028636363636
            ],
            [
              39.19028636363636,
              -94.66028636363636
            ]
          ]
        ]
      }
    },
    {
      "type": "Feature",
      "properties": {
        "projectId": 7,
        "projectName": "The Estates at Thousand Oaks (1st-7th Plats)",
        "lotNumber": 1,
        "totalLotsInProject": 30,
        "parcelId": "20-9-0-29-000-000-010.001",
        "status": "Preliminary Plats Approved",
        "acres": 2.8466666666666667,
        "type": "Residential Subdivision"
      },
      "geometry": {
        "type": "Polygon",
        "coordinates": [
          [
            [
              39.199236363636366,
              -94.64103636363636
            ],
            [
              39.199236363636366,
              -94.64076363636364
            ],
            [
              39.19896363636364,
              -94.64076363636364
            ],
            [
              39.19896363636364,
              -94.64103636363636
            ],
            [
              39.199236363636366,
              -94.64103636363636
            ]
          ]
        ]
      }
    },
    {
      "type": "Feature",
      "properties": {
        "projectId": 7,
        "projectName": "The Estates at Thousand Oaks (1st-7th Plats)",
        "lotNumber": 2,
        "totalLotsInProject": 30,
        "parcelId": "20-9-0-29-000-000-010.001",
        "status": "Preliminary Plats Approved",
        "acres": 2.8466666666666667,
        "type": "Residential Subdivision"
      },
      "geometry": {
        "type": "Polygon",
        "coordinates": [
          [
            [
              39.199236363636366,
              -94.64073636363636
            ],
            [
              39.199236363636366,
              -94.64046363636365
            ],
            [
              39.19896363636364,
              -94.64046363636365
            ],
            [
              39.19896363636364,
              -94.64073636363636
            ],
            [
              39.199236363636366,
              -94.64073636363636
            ]
          ]
        ]
      }
    },
    {
      "type": "Feature",
      "properties": {
        "projectId": 7,
        "projectName": "The Estates at Thousand Oaks (1st-7th Plats)",
        "lotNumber": 3,
        "totalLotsInProject": 30,
        "parcelId": "20-9-0-29-000-000-010.001",
        "status": "Preliminary Plats Approved",
        "acres": 2.8466666666666667,
        "type": "Residential Subdivision"
      },
      "geometry": {
        "type": "Polygon",
        "coordinates": [
          [
            [
              39.199236363636366,
              -94.64043636363635
            ],
            [
              39.199236363636366,
              -94.64016363636364
            ],
            [
              39.19896363636364,
              -94.64016363636364
            ],
            [
              39.19896363636364,
              -94.64043636363635
            ],
            [
              39.199236363636366,
              -94.64043636363635
            ]
          ]
        ]
      }
    },
    {
      "type": "Feature",
      "properties": {
        "projectId": 7,
        "projectName": "The Estates at Thousand Oaks (1st-7th Plats)",
        "lotNumber": 4,
        "totalLotsInProject": 30,
        "parcelId": "20-9-0-29-000-000-010.001",
        "status": "Preliminary Plats Approved",
        "acres": 2.8466666666666667,
        "type": "Residential Subdivision"
      },
      "geometry": {
        "type": "Polygon",
        "coordinates": [
          [
            [
              39.199236363636366,
              -94.64013636363636
            ],
            [
              39.199236363636366,
              -94.63986363636364
            ],
            [
              39.19896363636364,
              -94.63986363636364
            ],
            [
              39.19896363636364,
              -94.64013636363636
            ],
            [
              39.199236363636366,
              -94.64013636363636
            ]
          ]
        ]
      }
    },
    {
      "type": "Feature",
      "properties": {
        "projectId": 7,
        "projectName": "The Estates at Thousand Oaks (1st-7th Plats)",
        "lotNumber": 5,
        "totalLotsInProject": 30,
        "parcelId": "20-9-0-29-000-000-010.001",
        "status": "Preliminary Plats Approved",
        "acres": 2.8466666666666667,
        "type": "Residential Subdivision"
      },
      "geometry": {
        "type": "Polygon",
        "coordinates": [
          [
            [
              39.199236363636366,
              -94.63983636363636
            ],
            [
              39.199236363636366,
              -94.63956363636365
            ],
            [
              39.19896363636364,
              -94.63956363636365
            ],
            [
              39.19896363636364,
              -94.63983636363636
            ],
            [
              39.199236363636366,
              -94.63983636363636
            ]
          ]
        ]
      }
    },
    {
      "type": "Feature",
      "properties": {
        "projectId": 7,
        "projectName": "The Estates at Thousand Oaks (1st-7th Plats)",
        "lotNumber": 6,
        "totalLotsInProject": 30,
        "parcelId": "20-9-0-29-000-000-010.001",
        "status": "Preliminary Plats Approved",
        "acres": 2.8466666666666667,
        "type": "Residential Subdivision"
      },
      "geometry": {
        "type": "Polygon",
        "coordinates": [
          [
            [
              39.199236363636366,
              -94.63953636363635
            ],
            [
              39.199236363636366,
              -94.63926363636364
            ],
            [
              39.19896363636364,
              -94.63926363636364
            ],
            [
              39.19896363636364,
              -94.63953636363635
            ],
            [
              39.199236363636366,
              -94.63953636363635
            ]
          ]
        ]
      }
    },
    {
      "type": "Feature",
      "properties": {
        "projectId": 7,
        "projectName": "The Estates at Thousand Oaks (1st-7th Plats)",
        "lotNumber": 7,
        "totalLotsInProject": 30,
        "parcelId": "20-9-0-29-000-000-010.001",
        "status": "Preliminary Plats Approved",
        "acres": 2.8466666666666667,
        "type": "Residential Subdivision"
      },
      "geometry": {
        "type": "Polygon",
        "coordinates": [
          [
            [
              39.19953636363637,
              -94.64103636363636
            ],
            [
              39.19953636363637,
              -94.64076363636364
            ],
            [
              39.19926363636364,
              -94.64076363636364
            ],
            [
              39.19926363636364,
              -94.64103636363636
            ],
            [
              39.19953636363637,
              -94.64103636363636
            ]
          ]
        ]
      }
    },
    {
      "type": "Feature",
      "properties": {
        "projectId": 7,
        "projectName": "The Estates at Thousand Oaks (1st-7th Plats)",
        "lotNumber": 8,
        "totalLotsInProject": 30,
        "parcelId": "20-9-0-29-000-000-010.001",
        "status": "Preliminary Plats Approved",
        "acres": 2.8466666666666667,
        "type": "Residential Subdivision"
      },
      "geometry": {
        "type": "Polygon",
        "coordinates": [
          [
            [
              39.19953636363637,
              -94.64073636363636
            ],
            [
              39.19953636363637,
              -94.64046363636365
            ],
            [
              39.19926363636364,
              -94.64046363636365
            ],
            [
              39.19926363636364,
              -94.64073636363636
            ],
            [
              39.19953636363637,
              -94.64073636363636
            ]
          ]
        ]
      }
    },
    {
      "type": "Feature",
      "properties": {
        "projectId": 7,
        "projectName": "The Estates at Thousand Oaks (1st-7th Plats)",
        "lotNumber": 9,
        "totalLotsInProject": 30,
        "parcelId": "20-9-0-29-000-000-010.001",
        "status": "Preliminary Plats Approved",
        "acres": 2.8466666666666667,
        "type": "Residential Subdivision"
      },
      "geometry": {
        "type": "Polygon",
        "coordinates": [
          [
            [
              39.19953636363637,
              -94.64043636363635
            ],
            [
              39.19953636363637,
              -94.64016363636364
            ],
            [
              39.19926363636364,
              -94.64016363636364
            ],
            [
              39.19926363636364,
              -94.64043636363635
            ],
            [
              39.19953636363637,
              -94.64043636363635
            ]
          ]
        ]
      }
    },
    {
      "type": "Feature",
      "properties": {
        "projectId": 7,
        "projectName": "The Estates at Thousand Oaks (1st-7th Plats)",
        "lotNumber": 10,
        "totalLotsInProject": 30,
        "parcelId": "20-9-0-29-000-000-010.001",
        "status": "Preliminary Plats Approved",
        "acres": 2.8466666666666667,
        "type": "Residential Subdivision"
      },
      "geometry": {
        "type": "Polygon",
        "coordinates": [
          [
            [
              39.19953636363637,
              -94.64013636363636
            ],
            [
              39.19953636363637,
              -94.63986363636364
            ],
            [
              39.19926363636364,
              -94.63986363636364
            ],
            [
              39.19926363636364,
              -94.64013636363636
            ],
            [
              39.19953636363637,
              -94.64013636363636
            ]
          ]
        ]
      }
    },
    {
      "type": "Feature",
      "properties": {
        "projectId": 7,
        "projectName": "The Estates at Thousand Oaks (1st-7th Plats)",
        "lotNumber": 11,
        "totalLotsInProject": 30,
        "parcelId": "20-9-0-29-000-000-010.001",
        "status": "Preliminary Plats Approved",
        "acres": 2.8466666666666667,
        "type": "Residential Subdivision"
      },
      "geometry": {
        "type": "Polygon",
        "coordinates": [
          [
            [
              39.19953636363637,
              -94.63983636363636
            ],
            [
              39.19953636363637,
              -94.63956363636365
            ],
            [
              39.19926363636364,
              -94.63956363636365
            ],
            [
              39.19926363636364,
              -94.63983636363636
            ],
            [
              39.19953636363637,
              -94.63983636363636
            ]
          ]
        ]
      }
    },
    {
      "type": "Feature",
      "properties": {
        "projectId": 7,
        "projectName": "The Estates at Thousand Oaks (1st-7th Plats)",
        "lotNumber": 12,
        "totalLotsInProject": 30,
        "parcelId": "20-9-0-29-000-000-010.001",
        "status": "Preliminary Plats Approved",
        "acres": 2.8466666666666667,
        "type": "Residential Subdivision"
      },
      "geometry": {
        "type": "Polygon",
        "coordinates": [
          [
            [
              39.19953636363637,
              -94.63953636363635
            ],
            [
              39.19953636363637,
              -94.63926363636364
            ],
            [
              39.19926363636364,
              -94.63926363636364
            ],
            [
              39.19926363636364,
              -94.63953636363635
            ],
            [
              39.19953636363637,
              -94.63953636363635
            ]
          ]
        ]
      }
    },
    {
      "type": "Feature",
      "properties": {
        "projectId": 7,
        "projectName": "The Estates at Thousand Oaks (1st-7th Plats)",
        "lotNumber": 13,
        "totalLotsInProject": 30,
        "parcelId": "20-9-0-29-000-000-010.001",
        "status": "Preliminary Plats Approved",
        "acres": 2.8466666666666667,
        "type": "Residential Subdivision"
      },
      "geometry": {
        "type": "Polygon",
        "coordinates": [
          [
            [
              39.199836363636365,
              -94.64103636363636
            ],
            [
              39.199836363636365,
              -94.64076363636364
            ],
            [
              39.199563636363635,
              -94.64076363636364
            ],
            [
              39.199563636363635,
              -94.64103636363636
            ],
            [
              39.199836363636365,
              -94.64103636363636
            ]
          ]
        ]
      }
    },
    {
      "type": "Feature",
      "properties": {
        "projectId": 7,
        "projectName": "The Estates at Thousand Oaks (1st-7th Plats)",
        "lotNumber": 14,
        "totalLotsInProject": 30,
        "parcelId": "20-9-0-29-000-000-010.001",
        "status": "Preliminary Plats Approved",
        "acres": 2.8466666666666667,
        "type": "Residential Subdivision"
      },
      "geometry": {
        "type": "Polygon",
        "coordinates": [
          [
            [
              39.199836363636365,
              -94.64073636363636
            ],
            [
              39.199836363636365,
              -94.64046363636365
            ],
            [
              39.199563636363635,
              -94.64046363636365
            ],
            [
              39.199563636363635,
              -94.64073636363636
            ],
            [
              39.199836363636365,
              -94.64073636363636
            ]
          ]
        ]
      }
    },
    {
      "type": "Feature",
      "properties": {
        "projectId": 7,
        "projectName": "The Estates at Thousand Oaks (1st-7th Plats)",
        "lotNumber": 15,
        "totalLotsInProject": 30,
        "parcelId": "20-9-0-29-000-000-010.001",
        "status": "Preliminary Plats Approved",
        "acres": 2.8466666666666667,
        "type": "Residential Subdivision"
      },
      "geometry": {
        "type": "Polygon",
        "coordinates": [
          [
            [
              39.199836363636365,
              -94.64043636363635
            ],
            [
              39.199836363636365,
              -94.64016363636364
            ],
            [
              39.199563636363635,
              -94.64016363636364
            ],
            [
              39.199563636363635,
              -94.64043636363635
            ],
            [
              39.199836363636365,
              -94.64043636363635
            ]
          ]
        ]
      }
    },
    {
      "type": "Feature",
      "properties": {
        "projectId": 7,
        "projectName": "The Estates at Thousand Oaks (1st-7th Plats)",
        "lotNumber": 16,
        "totalLotsInProject": 30,
        "parcelId": "20-9-0-29-000-000-010.001",
        "status": "Preliminary Plats Approved",
        "acres": 2.8466666666666667,
        "type": "Residential Subdivision"
      },
      "geometry": {
        "type": "Polygon",
        "coordinates": [
          [
            [
              39.199836363636365,
              -94.64013636363636
            ],
            [
              39.199836363636365,
              -94.63986363636364
            ],
            [
              39.199563636363635,
              -94.63986363636364
            ],
            [
              39.199563636363635,
              -94.64013636363636
            ],
            [
              39.199836363636365,
              -94.64013636363636
            ]
          ]
        ]
      }
    },
    {
      "type": "Feature",
      "properties": {
        "projectId": 7,
        "projectName": "The Estates at Thousand Oaks (1st-7th Plats)",
        "lotNumber": 17,
        "totalLotsInProject": 30,
        "parcelId": "20-9-0-29-000-000-010.001",
        "status": "Preliminary Plats Approved",
        "acres": 2.8466666666666667,
        "type": "Residential Subdivision"
      },
      "geometry": {
        "type": "Polygon",
        "coordinates": [
          [
            [
              39.199836363636365,
              -94.63983636363636
            ],
            [
              39.199836363636365,
              -94.63956363636365
            ],
            [
              39.199563636363635,
              -94.63956363636365
            ],
            [
              39.199563636363635,
              -94.63983636363636
            ],
            [
              39.199836363636365,
              -94.63983636363636
            ]
          ]
        ]
      }
    },
    {
      "type": "Feature",
      "properties": {
        "projectId": 7,
        "projectName": "The Estates at Thousand Oaks (1st-7th Plats)",
        "lotNumber": 18,
        "totalLotsInProject": 30,
        "parcelId": "20-9-0-29-000-000-010.001",
        "status": "Preliminary Plats Approved",
        "acres": 2.8466666666666667,
        "type": "Residential Subdivision"
      },
      "geometry": {
        "type": "Polygon",
        "coordinates": [
          [
            [
              39.199836363636365,
              -94.63953636363635
            ],
            [
              39.199836363636365,
              -94.63926363636364
            ],
            [
              39.199563636363635,
              -94.63926363636364
            ],
            [
              39.199563636363635,
              -94.63953636363635
            ],
            [
              39.199836363636365,
              -94.63953636363635
            ]
          ]
        ]
      }
    },
    {
      "type": "Feature",
      "properties": {
        "projectId": 7,
        "projectName": "The Estates at Thousand Oaks (1st-7th Plats)",
        "lotNumber": 19,
        "totalLotsInProject": 30,
        "parcelId": "20-9-0-29-000-000-010.001",
        "status": "Preliminary Plats Approved",
        "acres": 2.8466666666666667,
        "type": "Residential Subdivision"
      },
      "geometry": {
        "type": "Polygon",
        "coordinates": [
          [
            [
              39.20013636363637,
              -94.64103636363636
            ],
            [
              39.20013636363637,
              -94.64076363636364
            ],
            [
              39.19986363636364,
              -94.64076363636364
            ],
            [
              39.19986363636364,
              -94.64103636363636
            ],
            [
              39.20013636363637,
              -94.64103636363636
            ]
          ]
        ]
      }
    },
    {
      "type": "Feature",
      "properties": {
        "projectId": 7,
        "projectName": "The Estates at Thousand Oaks (1st-7th Plats)",
        "lotNumber": 20,
        "totalLotsInProject": 30,
        "parcelId": "20-9-0-29-000-000-010.001",
        "status": "Preliminary Plats Approved",
        "acres": 2.8466666666666667,
        "type": "Residential Subdivision"
      },
      "geometry": {
        "type": "Polygon",
        "coordinates": [
          [
            [
              39.20013636363637,
              -94.64073636363636
            ],
            [
              39.20013636363637,
              -94.64046363636365
            ],
            [
              39.19986363636364,
              -94.64046363636365
            ],
            [
              39.19986363636364,
              -94.64073636363636
            ],
            [
              39.20013636363637,
              -94.64073636363636
            ]
          ]
        ]
      }
    },
    {
      "type": "Feature",
      "properties": {
        "projectId": 7,
        "projectName": "The Estates at Thousand Oaks (1st-7th Plats)",
        "lotNumber": 21,
        "totalLotsInProject": 30,
        "parcelId": "20-9-0-29-000-000-010.001",
        "status": "Preliminary Plats Approved",
        "acres": 2.8466666666666667,
        "type": "Residential Subdivision"
      },
      "geometry": {
        "type": "Polygon",
        "coordinates": [
          [
            [
              39.20013636363637,
              -94.64043636363635
            ],
            [
              39.20013636363637,
              -94.64016363636364
            ],
            [
              39.19986363636364,
              -94.64016363636364
            ],
            [
              39.19986363636364,
              -94.64043636363635
            ],
            [
              39.20013636363637,
              -94.64043636363635
            ]
          ]
        ]
      }
    },
    {
      "type": "Feature",
      "properties": {
        "projectId": 7,
        "projectName": "The Estates at Thousand Oaks (1st-7th Plats)",
        "lotNumber": 22,
        "totalLotsInProject": 30,
        "parcelId": "20-9-0-29-000-000-010.001",
        "status": "Preliminary Plats Approved",
        "acres": 2.8466666666666667,
        "type": "Residential Subdivision"
      },
      "geometry": {
        "type": "Polygon",
        "coordinates": [
          [
            [
              39.20013636363637,
              -94.64013636363636
            ],
            [
              39.20013636363637,
              -94.63986363636364
            ],
            [
              39.19986363636364,
              -94.63986363636364
            ],
            [
              39.19986363636364,
              -94.64013636363636
            ],
            [
              39.20013636363637,
              -94.64013636363636
            ]
          ]
        ]
      }
    },
    {
      "type": "Feature",
      "properties": {
        "projectId": 7,
        "projectName": "The Estates at Thousand Oaks (1st-7th Plats)",
        "lotNumber": 23,
        "totalLotsInProject": 30,
        "parcelId": "20-9-0-29-000-000-010.001",
        "status": "Preliminary Plats Approved",
        "acres": 2.8466666666666667,
        "type": "Residential Subdivision"
      },
      "geometry": {
        "type": "Polygon",
        "coordinates": [
          [
            [
              39.20013636363637,
              -94.63983636363636
            ],
            [
              39.20013636363637,
              -94.63956363636365
            ],
            [
              39.19986363636364,
              -94.63956363636365
            ],
            [
              39.19986363636364,
              -94.63983636363636
            ],
            [
              39.20013636363637,
              -94.63983636363636
            ]
          ]
        ]
      }
    },
    {
      "type": "Feature",
      "properties": {
        "projectId": 7,
        "projectName": "The Estates at Thousand Oaks (1st-7th Plats)",
        "lotNumber": 24,
        "totalLotsInProject": 30,
        "parcelId": "20-9-0-29-000-000-010.001",
        "status": "Preliminary Plats Approved",
        "acres": 2.8466666666666667,
        "type": "Residential Subdivision"
      },
      "geometry": {
        "type": "Polygon",
        "coordinates": [
          [
            [
              39.20013636363637,
              -94.63953636363635
            ],
            [
              39.20013636363637,
              -94.63926363636364
            ],
            [
              39.19986363636364,
              -94.63926363636364
            ],
            [
              39.19986363636364,
              -94.63953636363635
            ],
            [
              39.20013636363637,
              -94.63953636363635
            ]
          ]
        ]
      }
    },
    {
      "type": "Feature",
      "properties": {
        "projectId": 7,
        "projectName": "The Estates at Thousand Oaks (1st-7th Plats)",
        "lotNumber": 25,
        "totalLotsInProject": 30,
        "parcelId": "20-9-0-29-000-000-010.001",
        "status": "Preliminary Plats Approved",
        "acres": 2.8466666666666667,
        "type": "Residential Subdivision"
      },
      "geometry": {
        "type": "Polygon",
        "coordinates": [
          [
            [
              39.20043636363637,
              -94.64103636363636
            ],
            [
              39.20043636363637,
              -94.64076363636364
            ],
            [
              39.20016363636364,
              -94.64076363636364
            ],
            [
              39.20016363636364,
              -94.64103636363636
            ],
            [
              39.20043636363637,
              -94.64103636363636
            ]
          ]
        ]
      }
    },
    {
      "type": "Feature",
      "properties": {
        "projectId": 7,
        "projectName": "The Estates at Thousand Oaks (1st-7th Plats)",
        "lotNumber": 26,
        "totalLotsInProject": 30,
        "parcelId": "20-9-0-29-000-000-010.001",
        "status": "Preliminary Plats Approved",
        "acres": 2.8466666666666667,
        "type": "Residential Subdivision"
      },
      "geometry": {
        "type": "Polygon",
        "coordinates": [
          [
            [
              39.20043636363637,
              -94.64073636363636
            ],
            [
              39.20043636363637,
              -94.64046363636365
            ],
            [
              39.20016363636364,
              -94.64046363636365
            ],
            [
              39.20016363636364,
              -94.64073636363636
            ],
            [
              39.20043636363637,
              -94.64073636363636
            ]
          ]
        ]
      }
    },
    {
      "type": "Feature",
      "properties": {
        "projectId": 7,
        "projectName": "The Estates at Thousand Oaks (1st-7th Plats)",
        "lotNumber": 27,
        "totalLotsInProject": 30,
        "parcelId": "20-9-0-29-000-000-010.001",
        "status": "Preliminary Plats Approved",
        "acres": 2.8466666666666667,
        "type": "Residential Subdivision"
      },
      "geometry": {
        "type": "Polygon",
        "coordinates": [
          [
            [
              39.20043636363637,
              -94.64043636363635
            ],
            [
              39.20043636363637,
              -94.64016363636364
            ],
            [
              39.20016363636364,
              -94.64016363636364
            ],
            [
              39.20016363636364,
              -94.64043636363635
            ],
            [
              39.20043636363637,
              -94.64043636363635
            ]
          ]
        ]
      }
    },
    {
      "type": "Feature",
      "properties": {
        "projectId": 7,
        "projectName": "The Estates at Thousand Oaks (1st-7th Plats)",
        "lotNumber": 28,
        "totalLotsInProject": 30,
        "parcelId": "20-9-0-29-000-000-010.001",
        "status": "Preliminary Plats Approved",
        "acres": 2.8466666666666667,
        "type": "Residential Subdivision"
      },
      "geometry": {
        "type": "Polygon",
        "coordinates": [
          [
            [
              39.20043636363637,
              -94.64013636363636
            ],
            [
              39.20043636363637,
              -94.63986363636364
            ],
            [
              39.20016363636364,
              -94.63986363636364
            ],
            [
              39.20016363636364,
              -94.64013636363636
            ],
            [
              39.20043636363637,
              -94.64013636363636
            ]
          ]
        ]
      }
    },
    {
      "type": "Feature",
      "properties": {
        "projectId": 7,
        "projectName": "The Estates at Thousand Oaks (1st-7th Plats)",
        "lotNumber": 29,
        "totalLotsInProject": 30,
        "parcelId": "20-9-0-29-000-000-010.001",
        "status": "Preliminary Plats Approved",
        "acres": 2.8466666666666667,
        "type": "Residential Subdivision"
      },
      "geometry": {
        "type": "Polygon",
        "coordinates": [
          [
            [
              39.20043636363637,
              -94.63983636363636
            ],
            [
              39.20043636363637,
              -94.63956363636365
            ],
            [
              39.20016363636364,
              -94.63956363636365
            ],
            [
              39.20016363636364,
              -94.63983636363636
            ],
            [
              39.20043636363637,
              -94.63983636363636
            ]
          ]
        ]
      }
    },
    {
      "type": "Feature",
      "properties": {
        "projectId": 7,
        "projectName": "The Estates at Thousand Oaks (1st-7th Plats)",
        "lotNumber": 30,
        "totalLotsInProject": 30,
        "parcelId": "20-9-0-29-000-000-010.001",
        "status": "Preliminary Plats Approved",
        "acres": 2.8466666666666667,
        "type": "Residential Subdivision"
      },
      "geometry": {
        "type": "Polygon",
        "coordinates": [
          [
            [
              39.20043636363637,
              -94.63953636363635
            ],
            [
              39.20043636363637,
              -94.63926363636364
            ],
            [
              39.20016363636364,
              -94.63926363636364
            ],
            [
              39.20016363636364,
              -94.63953636363635
            ],
            [
              39.20043636363637,
              -94.63953636363635
            ]
          ]
        ]
      }
    },
    {
      "type": "Feature",
      "properties": {
        "projectId": 8,
        "projectName": "Talesin",
        "lotNumber": 1,
        "totalLotsInProject": 15,
        "parcelId": "20-7-0-26-300-001-047.002",
        "status": "Preliminary Plat Approved",
        "acres": 0.5333333333333333,
        "type": "Residential"
      },
      "geometry": {
        "type": "Polygon",
        "coordinates": [
          [
            [
              39.219536363636365,
              -94.72073636363636
            ],
            [
              39.219536363636365,
              -94.72046363636365
            ],
            [
              39.219263636363635,
              -94.72046363636365
            ],
            [
              39.219263636363635,
              -94.72073636363636
            ],
            [
              39.219536363636365,
              -94.72073636363636
            ]
          ]
        ]
      }
    },
    {
      "type": "Feature",
      "properties": {
        "projectId": 8,
        "projectName": "Talesin",
        "lotNumber": 2,
        "totalLotsInProject": 15,
        "parcelId": "20-7-0-26-300-001-047.002",
        "status": "Preliminary Plat Approved",
        "acres": 0.5333333333333333,
        "type": "Residential"
      },
      "geometry": {
        "type": "Polygon",
        "coordinates": [
          [
            [
              39.219536363636365,
              -94.72043636363635
            ],
            [
              39.219536363636365,
              -94.72016363636364
            ],
            [
              39.219263636363635,
              -94.72016363636364
            ],
            [
              39.219263636363635,
              -94.72043636363635
            ],
            [
              39.219536363636365,
              -94.72043636363635
            ]
          ]
        ]
      }
    },
    {
      "type": "Feature",
      "properties": {
        "projectId": 8,
        "projectName": "Talesin",
        "lotNumber": 3,
        "totalLotsInProject": 15,
        "parcelId": "20-7-0-26-300-001-047.002",
        "status": "Preliminary Plat Approved",
        "acres": 0.5333333333333333,
        "type": "Residential"
      },
      "geometry": {
        "type": "Polygon",
        "coordinates": [
          [
            [
              39.219536363636365,
              -94.72013636363636
            ],
            [
              39.219536363636365,
              -94.71986363636364
            ],
            [
              39.219263636363635,
              -94.71986363636364
            ],
            [
              39.219263636363635,
              -94.72013636363636
            ],
            [
              39.219536363636365,
              -94.72013636363636
            ]
          ]
        ]
      }
    },
    {
      "type": "Feature",
      "properties": {
        "projectId": 8,
        "projectName": "Talesin",
        "lotNumber": 4,
        "totalLotsInProject": 15,
        "parcelId": "20-7-0-26-300-001-047.002",
        "status": "Preliminary Plat Approved",
        "acres": 0.5333333333333333,
        "type": "Residential"
      },
      "geometry": {
        "type": "Polygon",
        "coordinates": [
          [
            [
              39.219536363636365,
              -94.71983636363636
            ],
            [
              39.219536363636365,
              -94.71956363636365
            ],
            [
              39.219263636363635,
              -94.71956363636365
            ],
            [
              39.219263636363635,
              -94.71983636363636
            ],
            [
              39.219536363636365,
              -94.71983636363636
            ]
          ]
        ]
      }
    },
    {
      "type": "Feature",
      "properties": {
        "projectId": 8,
        "projectName": "Talesin",
        "lotNumber": 5,
        "totalLotsInProject": 15,
        "parcelId": "20-7-0-26-300-001-047.002",
        "status": "Preliminary Plat Approved",
        "acres": 0.5333333333333333,
        "type": "Residential"
      },
      "geometry": {
        "type": "Polygon",
        "coordinates": [
          [
            [
              39.21983636363636,
              -94.72073636363636
            ],
            [
              39.21983636363636,
              -94.72046363636365
            ],
            [
              39.21956363636363,
              -94.72046363636365
            ],
            [
              39.21956363636363,
              -94.72073636363636
            ],
            [
              39.21983636363636,
              -94.72073636363636
            ]
          ]
        ]
      }
    },
    {
      "type": "Feature",
      "properties": {
        "projectId": 8,
        "projectName": "Talesin",
        "lotNumber": 6,
        "totalLotsInProject": 15,
        "parcelId": "20-7-0-26-300-001-047.002",
        "status": "Preliminary Plat Approved",
        "acres": 0.5333333333333333,
        "type": "Residential"
      },
      "geometry": {
        "type": "Polygon",
        "coordinates": [
          [
            [
              39.21983636363636,
              -94.72043636363635
            ],
            [
              39.21983636363636,
              -94.72016363636364
            ],
            [
              39.21956363636363,
              -94.72016363636364
            ],
            [
              39.21956363636363,
              -94.72043636363635
            ],
            [
              39.21983636363636,
              -94.72043636363635
            ]
          ]
        ]
      }
    },
    {
      "type": "Feature",
      "properties": {
        "projectId": 8,
        "projectName": "Talesin",
        "lotNumber": 7,
        "totalLotsInProject": 15,
        "parcelId": "20-7-0-26-300-001-047.002",
        "status": "Preliminary Plat Approved",
        "acres": 0.5333333333333333,
        "type": "Residential"
      },
      "geometry": {
        "type": "Polygon",
        "coordinates": [
          [
            [
              39.21983636363636,
              -94.72013636363636
            ],
            [
              39.21983636363636,
              -94.71986363636364
            ],
            [
              39.21956363636363,
              -94.71986363636364
            ],
            [
              39.21956363636363,
              -94.72013636363636
            ],
            [
              39.21983636363636,
              -94.72013636363636
            ]
          ]
        ]
      }
    },
    {
      "type": "Feature",
      "properties": {
        "projectId": 8,
        "projectName": "Talesin",
        "lotNumber": 8,
        "totalLotsInProject": 15,
        "parcelId": "20-7-0-26-300-001-047.002",
        "status": "Preliminary Plat Approved",
        "acres": 0.5333333333333333,
        "type": "Residential"
      },
      "geometry": {
        "type": "Polygon",
        "coordinates": [
          [
            [
              39.21983636363636,
              -94.71983636363636
            ],
            [
              39.21983636363636,
              -94.71956363636365
            ],
            [
              39.21956363636363,
              -94.71956363636365
            ],
            [
              39.21956363636363,
              -94.71983636363636
            ],
            [
              39.21983636363636,
              -94.71983636363636
            ]
          ]
        ]
      }
    },
    {
      "type": "Feature",
      "properties": {
        "projectId": 8,
        "projectName": "Talesin",
        "lotNumber": 9,
        "totalLotsInProject": 15,
        "parcelId": "20-7-0-26-300-001-047.002",
        "status": "Preliminary Plat Approved",
        "acres": 0.5333333333333333,
        "type": "Residential"
      },
      "geometry": {
        "type": "Polygon",
        "coordinates": [
          [
            [
              39.220136363636364,
              -94.72073636363636
            ],
            [
              39.220136363636364,
              -94.72046363636365
            ],
            [
              39.219863636363634,
              -94.72046363636365
            ],
            [
              39.219863636363634,
              -94.72073636363636
            ],
            [
              39.220136363636364,
              -94.72073636363636
            ]
          ]
        ]
      }
    },
    {
      "type": "Feature",
      "properties": {
        "projectId": 8,
        "projectName": "Talesin",
        "lotNumber": 10,
        "totalLotsInProject": 15,
        "parcelId": "20-7-0-26-300-001-047.002",
        "status": "Preliminary Plat Approved",
        "acres": 0.5333333333333333,
        "type": "Residential"
      },
      "geometry": {
        "type": "Polygon",
        "coordinates": [
          [
            [
              39.220136363636364,
              -94.72043636363635
            ],
            [
              39.220136363636364,
              -94.72016363636364
            ],
            [
              39.219863636363634,
              -94.72016363636364
            ],
            [
              39.219863636363634,
              -94.72043636363635
            ],
            [
              39.220136363636364,
              -94.72043636363635
            ]
          ]
        ]
      }
    },
    {
      "type": "Feature",
      "properties": {
        "projectId": 8,
        "projectName": "Talesin",
        "lotNumber": 11,
        "totalLotsInProject": 15,
        "parcelId": "20-7-0-26-300-001-047.002",
        "status": "Preliminary Plat Approved",
        "acres": 0.5333333333333333,
        "type": "Residential"
      },
      "geometry": {
        "type": "Polygon",
        "coordinates": [
          [
            [
              39.220136363636364,
              -94.72013636363636
            ],
            [
              39.220136363636364,
              -94.71986363636364
            ],
            [
              39.219863636363634,
              -94.71986363636364
            ],
            [
              39.219863636363634,
              -94.72013636363636
            ],
            [
              39.220136363636364,
              -94.72013636363636
            ]
          ]
        ]
      }
    },
    {
      "type": "Feature",
      "properties": {
        "projectId": 8,
        "projectName": "Talesin",
        "lotNumber": 12,
        "totalLotsInProject": 15,
        "parcelId": "20-7-0-26-300-001-047.002",
        "status": "Preliminary Plat Approved",
        "acres": 0.5333333333333333,
        "type": "Residential"
      },
      "geometry": {
        "type": "Polygon",
        "coordinates": [
          [
            [
              39.220136363636364,
              -94.71983636363636
            ],
            [
              39.220136363636364,
              -94.71956363636365
            ],
            [
              39.219863636363634,
              -94.71956363636365
            ],
            [
              39.219863636363634,
              -94.71983636363636
            ],
            [
              39.220136363636364,
              -94.71983636363636
            ]
          ]
        ]
      }
    },
    {
      "type": "Feature",
      "properties": {
        "projectId": 8,
        "projectName": "Talesin",
        "lotNumber": 13,
        "totalLotsInProject": 15,
        "parcelId": "20-7-0-26-300-001-047.002",
        "status": "Preliminary Plat Approved",
        "acres": 0.5333333333333333,
        "type": "Residential"
      },
      "geometry": {
        "type": "Polygon",
        "coordinates": [
          [
            [
              39.22043636363637,
              -94.72073636363636
            ],
            [
              39.22043636363637,
              -94.72046363636365
            ],
            [
              39.22016363636364,
              -94.72046363636365
            ],
            [
              39.22016363636364,
              -94.72073636363636
            ],
            [
              39.22043636363637,
              -94.72073636363636
            ]
          ]
        ]
      }
    },
    {
      "type": "Feature",
      "properties": {
        "projectId": 8,
        "projectName": "Talesin",
        "lotNumber": 14,
        "totalLotsInProject": 15,
        "parcelId": "20-7-0-26-300-001-047.002",
        "status": "Preliminary Plat Approved",
        "acres": 0.5333333333333333,
        "type": "Residential"
      },
      "geometry": {
        "type": "Polygon",
        "coordinates": [
          [
            [
              39.22043636363637,
              -94.72043636363635
            ],
            [
              39.22043636363637,
              -94.72016363636364
            ],
            [
              39.22016363636364,
              -94.72016363636364
            ],
            [
              39.22016363636364,
              -94.72043636363635
            ],
            [
              39.22043636363637,
              -94.72043636363635
            ]
          ]
        ]
      }
    },
    {
      "type": "Feature",
      "properties": {
        "projectId": 8,
        "projectName": "Talesin",
        "lotNumber": 15,
        "totalLotsInProject": 15,
        "parcelId": "20-7-0-26-300-001-047.002",
        "status": "Preliminary Plat Approved",
        "acres": 0.5333333333333333,
        "type": "Residential"
      },
      "geometry": {
        "type": "Polygon",
        "coordinates": [
          [
            [
              39.22043636363637,
              -94.72013636363636
            ],
            [
              39.22043636363637,
              -94.71986363636364
            ],
            [
              39.22016363636364,
              -94.71986363636364
            ],
            [
              39.22016363636364,
              -94.72013636363636
            ],
            [
              39.22043636363637,
              -94.72013636363636
            ]
          ]
        ]
      }
    },
    {
      "type": "Feature",
      "properties": {
        "projectId": 9,
        "projectName": "Village on the Green East",
        "lotNumber": 1,
        "totalLotsInProject": 15,
        "parcelId": "20-7-0-26-200-002-003.001",
        "status": "Approved",
        "acres": 0.7,
        "type": "Townhomes"
      },
      "geometry": {
        "type": "Polygon",
        "coordinates": [
          [
            [
              39.22953636363636,
              -94.67073636363637
            ],
            [
              39.22953636363636,
              -94.67046363636365
            ],
            [
              39.22926363636363,
              -94.67046363636365
            ],
            [
              39.22926363636363,
              -94.67073636363637
            ],
            [
              39.22953636363636,
              -94.67073636363637
            ]
          ]
        ]
      }
    },
    {
      "type": "Feature",
      "properties": {
        "projectId": 9,
        "projectName": "Village on the Green East",
        "lotNumber": 2,
        "totalLotsInProject": 15,
        "parcelId": "20-7-0-26-200-002-003.001",
        "status": "Approved",
        "acres": 0.7,
        "type": "Townhomes"
      },
      "geometry": {
        "type": "Polygon",
        "coordinates": [
          [
            [
              39.22953636363636,
              -94.67043636363636
            ],
            [
              39.22953636363636,
              -94.67016363636364
            ],
            [
              39.22926363636363,
              -94.67016363636364
            ],
            [
              39.22926363636363,
              -94.67043636363636
            ],
            [
              39.22953636363636,
              -94.67043636363636
            ]
          ]
        ]
      }
    },
    {
      "type": "Feature",
      "properties": {
        "projectId": 9,
        "projectName": "Village on the Green East",
        "lotNumber": 3,
        "totalLotsInProject": 15,
        "parcelId": "20-7-0-26-200-002-003.001",
        "status": "Approved",
        "acres": 0.7,
        "type": "Townhomes"
      },
      "geometry": {
        "type": "Polygon",
        "coordinates": [
          [
            [
              39.22953636363636,
              -94.67013636363636
            ],
            [
              39.22953636363636,
              -94.66986363636364
            ],
            [
              39.22926363636363,
              -94.66986363636364
            ],
            [
              39.22926363636363,
              -94.67013636363636
            ],
            [
              39.22953636363636,
              -94.67013636363636
            ]
          ]
        ]
      }
    },
    {
      "type": "Feature",
      "properties": {
        "projectId": 9,
        "projectName": "Village on the Green East",
        "lotNumber": 4,
        "totalLotsInProject": 15,
        "parcelId": "20-7-0-26-200-002-003.001",
        "status": "Approved",
        "acres": 0.7,
        "type": "Townhomes"
      },
      "geometry": {
        "type": "Polygon",
        "coordinates": [
          [
            [
              39.22953636363636,
              -94.66983636363636
            ],
            [
              39.22953636363636,
              -94.66956363636365
            ],
            [
              39.22926363636363,
              -94.66956363636365
            ],
            [
              39.22926363636363,
              -94.66983636363636
            ],
            [
              39.22953636363636,
              -94.66983636363636
            ]
          ]
        ]
      }
    },
    {
      "type": "Feature",
      "properties": {
        "projectId": 9,
        "projectName": "Village on the Green East",
        "lotNumber": 5,
        "totalLotsInProject": 15,
        "parcelId": "20-7-0-26-200-002-003.001",
        "status": "Approved",
        "acres": 0.7,
        "type": "Townhomes"
      },
      "geometry": {
        "type": "Polygon",
        "coordinates": [
          [
            [
              39.22983636363636,
              -94.67073636363637
            ],
            [
              39.22983636363636,
              -94.67046363636365
            ],
            [
              39.22956363636363,
              -94.67046363636365
            ],
            [
              39.22956363636363,
              -94.67073636363637
            ],
            [
              39.22983636363636,
              -94.67073636363637
            ]
          ]
        ]
      }
    },
    {
      "type": "Feature",
      "properties": {
        "projectId": 9,
        "projectName": "Village on the Green East",
        "lotNumber": 6,
        "totalLotsInProject": 15,
        "parcelId": "20-7-0-26-200-002-003.001",
        "status": "Approved",
        "acres": 0.7,
        "type": "Townhomes"
      },
      "geometry": {
        "type": "Polygon",
        "coordinates": [
          [
            [
              39.22983636363636,
              -94.67043636363636
            ],
            [
              39.22983636363636,
              -94.67016363636364
            ],
            [
              39.22956363636363,
              -94.67016363636364
            ],
            [
              39.22956363636363,
              -94.67043636363636
            ],
            [
              39.22983636363636,
              -94.67043636363636
            ]
          ]
        ]
      }
    },
    {
      "type": "Feature",
      "properties": {
        "projectId": 9,
        "projectName": "Village on the Green East",
        "lotNumber": 7,
        "totalLotsInProject": 15,
        "parcelId": "20-7-0-26-200-002-003.001",
        "status": "Approved",
        "acres": 0.7,
        "type": "Townhomes"
      },
      "geometry": {
        "type": "Polygon",
        "coordinates": [
          [
            [
              39.22983636363636,
              -94.67013636363636
            ],
            [
              39.22983636363636,
              -94.66986363636364
            ],
            [
              39.22956363636363,
              -94.66986363636364
            ],
            [
              39.22956363636363,
              -94.67013636363636
            ],
            [
              39.22983636363636,
              -94.67013636363636
            ]
          ]
        ]
      }
    },
    {
      "type": "Feature",
      "properties": {
        "projectId": 9,
        "projectName": "Village on the Green East",
        "lotNumber": 8,
        "totalLotsInProject": 15,
        "parcelId": "20-7-0-26-200-002-003.001",
        "status": "Approved",
        "acres": 0.7,
        "type": "Townhomes"
      },
      "geometry": {
        "type": "Polygon",
        "coordinates": [
          [
            [
              39.22983636363636,
              -94.66983636363636
            ],
            [
              39.22983636363636,
              -94.66956363636365
            ],
            [
              39.22956363636363,
              -94.66956363636365
            ],
            [
              39.22956363636363,
              -94.66983636363636
            ],
            [
              39.22983636363636,
              -94.66983636363636
            ]
          ]
        ]
      }
    },
    {
      "type": "Feature",
      "properties": {
        "projectId": 9,
        "projectName": "Village on the Green East",
        "lotNumber": 9,
        "totalLotsInProject": 15,
        "parcelId": "20-7-0-26-200-002-003.001",
        "status": "Approved",
        "acres": 0.7,
        "type": "Townhomes"
      },
      "geometry": {
        "type": "Polygon",
        "coordinates": [
          [
            [
              39.23013636363636,
              -94.67073636363637
            ],
            [
              39.23013636363636,
              -94.67046363636365
            ],
            [
              39.22986363636363,
              -94.67046363636365
            ],
            [
              39.22986363636363,
              -94.67073636363637
            ],
            [
              39.23013636363636,
              -94.67073636363637
            ]
          ]
        ]
      }
    },
    {
      "type": "Feature",
      "properties": {
        "projectId": 9,
        "projectName": "Village on the Green East",
        "lotNumber": 10,
        "totalLotsInProject": 15,
        "parcelId": "20-7-0-26-200-002-003.001",
        "status": "Approved",
        "acres": 0.7,
        "type": "Townhomes"
      },
      "geometry": {
        "type": "Polygon",
        "coordinates": [
          [
            [
              39.23013636363636,
              -94.67043636363636
            ],
            [
              39.23013636363636,
              -94.67016363636364
            ],
            [
              39.22986363636363,
              -94.67016363636364
            ],
            [
              39.22986363636363,
              -94.67043636363636
            ],
            [
              39.23013636363636,
              -94.67043636363636
            ]
          ]
        ]
      }
    },
    {
      "type": "Feature",
      "properties": {
        "projectId": 9,
        "projectName": "Village on the Green East",
        "lotNumber": 11,
        "totalLotsInProject": 15,
        "parcelId": "20-7-0-26-200-002-003.001",
        "status": "Approved",
        "acres": 0.7,
        "type": "Townhomes"
      },
      "geometry": {
        "type": "Polygon",
        "coordinates": [
          [
            [
              39.23013636363636,
              -94.67013636363636
            ],
            [
              39.23013636363636,
              -94.66986363636364
            ],
            [
              39.22986363636363,
              -94.66986363636364
            ],
            [
              39.22986363636363,
              -94.67013636363636
            ],
            [
              39.23013636363636,
              -94.67013636363636
            ]
          ]
        ]
      }
    },
    {
      "type": "Feature",
      "properties": {
        "projectId": 9,
        "projectName": "Village on the Green East",
        "lotNumber": 12,
        "totalLotsInProject": 15,
        "parcelId": "20-7-0-26-200-002-003.001",
        "status": "Approved",
        "acres": 0.7,
        "type": "Townhomes"
      },
      "geometry": {
        "type": "Polygon",
        "coordinates": [
          [
            [
              39.23013636363636,
              -94.66983636363636
            ],
            [
              39.23013636363636,
              -94.66956363636365
            ],
            [
              39.22986363636363,
              -94.66956363636365
            ],
            [
              39.22986363636363,
              -94.66983636363636
            ],
            [
              39.23013636363636,
              -94.66983636363636
            ]
          ]
        ]
      }
    },
    {
      "type": "Feature",
      "properties": {
        "projectId": 9,
        "projectName": "Village on the Green East",
        "lotNumber": 13,
        "totalLotsInProject": 15,
        "parcelId": "20-7-0-26-200-002-003.001",
        "status": "Approved",
        "acres": 0.7,
        "type": "Townhomes"
      },
      "geometry": {
        "type": "Polygon",
        "coordinates": [
          [
            [
              39.230436363636365,
              -94.67073636363637
            ],
            [
              39.230436363636365,
              -94.67046363636365
            ],
            [
              39.230163636363635,
              -94.67046363636365
            ],
            [
              39.230163636363635,
              -94.67073636363637
            ],
            [
              39.230436363636365,
              -94.67073636363637
            ]
          ]
        ]
      }
    },
    {
      "type": "Feature",
      "properties": {
        "projectId": 9,
        "projectName": "Village on the Green East",
        "lotNumber": 14,
        "totalLotsInProject": 15,
        "parcelId": "20-7-0-26-200-002-003.001",
        "status": "Approved",
        "acres": 0.7,
        "type": "Townhomes"
      },
      "geometry": {
        "type": "Polygon",
        "coordinates": [
          [
            [
              39.230436363636365,
              -94.67043636363636
            ],
            [
              39.230436363636365,
              -94.67016363636364
            ],
            [
              39.230163636363635,
              -94.67016363636364
            ],
            [
              39.230163636363635,
              -94.67043636363636
            ],
            [
              39.230436363636365,
              -94.67043636363636
            ]
          ]
        ]
      }
    },
    {
      "type": "Feature",
      "properties": {
        "projectId": 9,
        "projectName": "Village on the Green East",
        "lotNumber": 15,
        "totalLotsInProject": 15,
        "parcelId": "20-7-0-26-200-002-003.001",
        "status": "Approved",
        "acres": 0.7,
        "type": "Townhomes"
      },
      "geometry": {
        "type": "Polygon",
        "coordinates": [
          [
            [
              39.230436363636365,
              -94.67013636363636
            ],
            [
              39.230436363636365,
              -94.66986363636364
            ],
            [
              39.230163636363635,
              -94.66986363636364
            ],
            [
              39.230163636363635,
              -94.67013636363636
            ],
            [
              39.230436363636365,
              -94.67013636363636
            ]
          ]
        ]
      }
    },
    {
      "type": "Feature",
      "properties": {
        "projectId": 10,
        "projectName": "Village on the Green West",
        "lotNumber": 1,
        "totalLotsInProject": 15,
        "parcelId": "20-8-0-27-100-002-002.002",
        "status": "Approved",
        "acres": 0.7,
        "type": "Townhomes"
      },
      "geometry": {
        "type": "Polygon",
        "coordinates": [
          [
            [
              39.22953636363636,
              -94.68073636363637
            ],
            [
              39.22953636363636,
              -94.68046363636365
            ],
            [
              39.22926363636363,
              -94.68046363636365
            ],
            [
              39.22926363636363,
              -94.68073636363637
            ],
            [
              39.22953636363636,
              -94.68073636363637
            ]
          ]
        ]
      }
    },
    {
      "type": "Feature",
      "properties": {
        "projectId": 10,
        "projectName": "Village on the Green West",
        "lotNumber": 2,
        "totalLotsInProject": 15,
        "parcelId": "20-8-0-27-100-002-002.002",
        "status": "Approved",
        "acres": 0.7,
        "type": "Townhomes"
      },
      "geometry": {
        "type": "Polygon",
        "coordinates": [
          [
            [
              39.22953636363636,
              -94.68043636363636
            ],
            [
              39.22953636363636,
              -94.68016363636364
            ],
            [
              39.22926363636363,
              -94.68016363636364
            ],
            [
              39.22926363636363,
              -94.68043636363636
            ],
            [
              39.22953636363636,
              -94.68043636363636
            ]
          ]
        ]
      }
    },
    {
      "type": "Feature",
      "properties": {
        "projectId": 10,
        "projectName": "Village on the Green West",
        "lotNumber": 3,
        "totalLotsInProject": 15,
        "parcelId": "20-8-0-27-100-002-002.002",
        "status": "Approved",
        "acres": 0.7,
        "type": "Townhomes"
      },
      "geometry": {
        "type": "Polygon",
        "coordinates": [
          [
            [
              39.22953636363636,
              -94.68013636363636
            ],
            [
              39.22953636363636,
              -94.67986363636365
            ],
            [
              39.22926363636363,
              -94.67986363636365
            ],
            [
              39.22926363636363,
              -94.68013636363636
            ],
            [
              39.22953636363636,
              -94.68013636363636
            ]
          ]
        ]
      }
    },
    {
      "type": "Feature",
      "properties": {
        "projectId": 10,
        "projectName": "Village on the Green West",
        "lotNumber": 4,
        "totalLotsInProject": 15,
        "parcelId": "20-8-0-27-100-002-002.002",
        "status": "Approved",
        "acres": 0.7,
        "type": "Townhomes"
      },
      "geometry": {
        "type": "Polygon",
        "coordinates": [
          [
            [
              39.22953636363636,
              -94.67983636363637
            ],
            [
              39.22953636363636,
              -94.67956363636365
            ],
            [
              39.22926363636363,
              -94.67956363636365
            ],
            [
              39.22926363636363,
              -94.67983636363637
            ],
            [
              39.22953636363636,
              -94.67983636363637
            ]
          ]
        ]
      }
    },
    {
      "type": "Feature",
      "properties": {
        "projectId": 10,
        "projectName": "Village on the Green West",
        "lotNumber": 5,
        "totalLotsInProject": 15,
        "parcelId": "20-8-0-27-100-002-002.002",
        "status": "Approved",
        "acres": 0.7,
        "type": "Townhomes"
      },
      "geometry": {
        "type": "Polygon",
        "coordinates": [
          [
            [
              39.22983636363636,
              -94.68073636363637
            ],
            [
              39.22983636363636,
              -94.68046363636365
            ],
            [
              39.22956363636363,
              -94.68046363636365
            ],
            [
              39.22956363636363,
              -94.68073636363637
            ],
            [
              39.22983636363636,
              -94.68073636363637
            ]
          ]
        ]
      }
    },
    {
      "type": "Feature",
      "properties": {
        "projectId": 10,
        "projectName": "Village on the Green West",
        "lotNumber": 6,
        "totalLotsInProject": 15,
        "parcelId": "20-8-0-27-100-002-002.002",
        "status": "Approved",
        "acres": 0.7,
        "type": "Townhomes"
      },
      "geometry": {
        "type": "Polygon",
        "coordinates": [
          [
            [
              39.22983636363636,
              -94.68043636363636
            ],
            [
              39.22983636363636,
              -94.68016363636364
            ],
            [
              39.22956363636363,
              -94.68016363636364
            ],
            [
              39.22956363636363,
              -94.68043636363636
            ],
            [
              39.22983636363636,
              -94.68043636363636
            ]
          ]
        ]
      }
    },
    {
      "type": "Feature",
      "properties": {
        "projectId": 10,
        "projectName": "Village on the Green West",
        "lotNumber": 7,
        "totalLotsInProject": 15,
        "parcelId": "20-8-0-27-100-002-002.002",
        "status": "Approved",
        "acres": 0.7,
        "type": "Townhomes"
      },
      "geometry": {
        "type": "Polygon",
        "coordinates": [
          [
            [
              39.22983636363636,
              -94.68013636363636
            ],
            [
              39.22983636363636,
              -94.67986363636365
            ],
            [
              39.22956363636363,
              -94.67986363636365
            ],
            [
              39.22956363636363,
              -94.68013636363636
            ],
            [
              39.22983636363636,
              -94.68013636363636
            ]
          ]
        ]
      }
    },
    {
      "type": "Feature",
      "properties": {
        "projectId": 10,
        "projectName": "Village on the Green West",
        "lotNumber": 8,
        "totalLotsInProject": 15,
        "parcelId": "20-8-0-27-100-002-002.002",
        "status": "Approved",
        "acres": 0.7,
        "type": "Townhomes"
      },
      "geometry": {
        "type": "Polygon",
        "coordinates": [
          [
            [
              39.22983636363636,
              -94.67983636363637
            ],
            [
              39.22983636363636,
              -94.67956363636365
            ],
            [
              39.22956363636363,
              -94.67956363636365
            ],
            [
              39.22956363636363,
              -94.67983636363637
            ],
            [
              39.22983636363636,
              -94.67983636363637
            ]
          ]
        ]
      }
    },
    {
      "type": "Feature",
      "properties": {
        "projectId": 10,
        "projectName": "Village on the Green West",
        "lotNumber": 9,
        "totalLotsInProject": 15,
        "parcelId": "20-8-0-27-100-002-002.002",
        "status": "Approved",
        "acres": 0.7,
        "type": "Townhomes"
      },
      "geometry": {
        "type": "Polygon",
        "coordinates": [
          [
            [
              39.23013636363636,
              -94.68073636363637
            ],
            [
              39.23013636363636,
              -94.68046363636365
            ],
            [
              39.22986363636363,
              -94.68046363636365
            ],
            [
              39.22986363636363,
              -94.68073636363637
            ],
            [
              39.23013636363636,
              -94.68073636363637
            ]
          ]
        ]
      }
    },
    {
      "type": "Feature",
      "properties": {
        "projectId": 10,
        "projectName": "Village on the Green West",
        "lotNumber": 10,
        "totalLotsInProject": 15,
        "parcelId": "20-8-0-27-100-002-002.002",
        "status": "Approved",
        "acres": 0.7,
        "type": "Townhomes"
      },
      "geometry": {
        "type": "Polygon",
        "coordinates": [
          [
            [
              39.23013636363636,
              -94.68043636363636
            ],
            [
              39.23013636363636,
              -94.68016363636364
            ],
            [
              39.22986363636363,
              -94.68016363636364
            ],
            [
              39.22986363636363,
              -94.68043636363636
            ],
            [
              39.23013636363636,
              -94.68043636363636
            ]
          ]
        ]
      }
    },
    {
      "type": "Feature",
      "properties": {
        "projectId": 10,
        "projectName": "Village on the Green West",
        "lotNumber": 11,
        "totalLotsInProject": 15,
        "parcelId": "20-8-0-27-100-002-002.002",
        "status": "Approved",
        "acres": 0.7,
        "type": "Townhomes"
      },
      "geometry": {
        "type": "Polygon",
        "coordinates": [
          [
            [
              39.23013636363636,
              -94.68013636363636
            ],
            [
              39.23013636363636,
              -94.67986363636365
            ],
            [
              39.22986363636363,
              -94.67986363636365
            ],
            [
              39.22986363636363,
              -94.68013636363636
            ],
            [
              39.23013636363636,
              -94.68013636363636
            ]
          ]
        ]
      }
    },
    {
      "type": "Feature",
      "properties": {
        "projectId": 10,
        "projectName": "Village on the Green West",
        "lotNumber": 12,
        "totalLotsInProject": 15,
        "parcelId": "20-8-0-27-100-002-002.002",
        "status": "Approved",
        "acres": 0.7,
        "type": "Townhomes"
      },
      "geometry": {
        "type": "Polygon",
        "coordinates": [
          [
            [
              39.23013636363636,
              -94.67983636363637
            ],
            [
              39.23013636363636,
              -94.67956363636365
            ],
            [
              39.22986363636363,
              -94.67956363636365
            ],
            [
              39.22986363636363,
              -94.67983636363637
            ],
            [
              39.23013636363636,
              -94.67983636363637
            ]
          ]
        ]
      }
    },
    {
      "type": "Feature",
      "properties": {
        "projectId": 10,
        "projectName": "Village on the Green West",
        "lotNumber": 13,
        "totalLotsInProject": 15,
        "parcelId": "20-8-0-27-100-002-002.002",
        "status": "Approved",
        "acres": 0.7,
        "type": "Townhomes"
      },
      "geometry": {
        "type": "Polygon",
        "coordinates": [
          [
            [
              39.230436363636365,
              -94.68073636363637
            ],
            [
              39.230436363636365,
              -94.68046363636365
            ],
            [
              39.230163636363635,
              -94.68046363636365
            ],
            [
              39.230163636363635,
              -94.68073636363637
            ],
            [
              39.230436363636365,
              -94.68073636363637
            ]
          ]
        ]
      }
    },
    {
      "type": "Feature",
      "properties": {
        "projectId": 10,
        "projectName": "Village on the Green West",
        "lotNumber": 14,
        "totalLotsInProject": 15,
        "parcelId": "20-8-0-27-100-002-002.002",
        "status": "Approved",
        "acres": 0.7,
        "type": "Townhomes"
      },
      "geometry": {
        "type": "Polygon",
        "coordinates": [
          [
            [
              39.230436363636365,
              -94.68043636363636
            ],
            [
              39.230436363636365,
              -94.68016363636364
            ],
            [
              39.230163636363635,
              -94.68016363636364
            ],
            [
              39.230163636363635,
              -94.68043636363636
            ],
            [
              39.230436363636365,
              -94.68043636363636
            ]
          ]
        ]
      }
    },
    {
      "type": "Feature",
      "properties": {
        "projectId": 10,
        "projectName": "Village on the Green West",
        "lotNumber": 15,
        "totalLotsInProject": 15,
        "parcelId": "20-8-0-27-100-002-002.002",
        "status": "Approved",
        "acres": 0.7,
        "type": "Townhomes"
      },
      "geometry": {
        "type": "Polygon",
        "coordinates": [
          [
            [
              39.230436363636365,
              -94.68013636363636
            ],
            [
              39.230436363636365,
              -94.67986363636365
            ],
            [
              39.230163636363635,
              -94.67986363636365
            ],
            [
              39.230163636363635,
              -94.68013636363636
            ],
            [
              39.230436363636365,
              -94.68013636363636
            ]
          ]
        ]
      }
    },
    {
      "type": "Feature",
      "properties": {
        "projectId": 11,
        "projectName": "Creekside West Apartments",
        "lotNumber": 1,
        "totalLotsInProject": 30,
        "parcelId": "20-4-0-18-000-000-010.001",
        "status": "Under Construction",
        "acres": 1.6666666666666667,
        "type": "Apartment Complex"
      },
      "geometry": {
        "type": "Polygon",
        "coordinates": [
          [
            [
              39.169236363636365,
              -94.70103636363636
            ],
            [
              39.169236363636365,
              -94.70076363636365
            ],
            [
              39.168963636363635,
              -94.70076363636365
            ],
            [
              39.168963636363635,
              -94.70103636363636
            ],
            [
              39.169236363636365,
              -94.70103636363636
            ]
          ]
        ]
      }
    },
    {
      "type": "Feature",
      "properties": {
        "projectId": 11,
        "projectName": "Creekside West Apartments",
        "lotNumber": 2,
        "totalLotsInProject": 30,
        "parcelId": "20-4-0-18-000-000-010.001",
        "status": "Under Construction",
        "acres": 1.6666666666666667,
        "type": "Apartment Complex"
      },
      "geometry": {
        "type": "Polygon",
        "coordinates": [
          [
            [
              39.169236363636365,
              -94.70073636363637
            ],
            [
              39.169236363636365,
              -94.70046363636365
            ],
            [
              39.168963636363635,
              -94.70046363636365
            ],
            [
              39.168963636363635,
              -94.70073636363637
            ],
            [
              39.169236363636365,
              -94.70073636363637
            ]
          ]
        ]
      }
    },
    {
      "type": "Feature",
      "properties": {
        "projectId": 11,
        "projectName": "Creekside West Apartments",
        "lotNumber": 3,
        "totalLotsInProject": 30,
        "parcelId": "20-4-0-18-000-000-010.001",
        "status": "Under Construction",
        "acres": 1.6666666666666667,
        "type": "Apartment Complex"
      },
      "geometry": {
        "type": "Polygon",
        "coordinates": [
          [
            [
              39.169236363636365,
              -94.70043636363636
            ],
            [
              39.169236363636365,
              -94.70016363636364
            ],
            [
              39.168963636363635,
              -94.70016363636364
            ],
            [
              39.168963636363635,
              -94.70043636363636
            ],
            [
              39.169236363636365,
              -94.70043636363636
            ]
          ]
        ]
      }
    },
    {
      "type": "Feature",
      "properties": {
        "projectId": 11,
        "projectName": "Creekside West Apartments",
        "lotNumber": 4,
        "totalLotsInProject": 30,
        "parcelId": "20-4-0-18-000-000-010.001",
        "status": "Under Construction",
        "acres": 1.6666666666666667,
        "type": "Apartment Complex"
      },
      "geometry": {
        "type": "Polygon",
        "coordinates": [
          [
            [
              39.169236363636365,
              -94.70013636363636
            ],
            [
              39.169236363636365,
              -94.69986363636365
            ],
            [
              39.168963636363635,
              -94.69986363636365
            ],
            [
              39.168963636363635,
              -94.70013636363636
            ],
            [
              39.169236363636365,
              -94.70013636363636
            ]
          ]
        ]
      }
    },
    {
      "type": "Feature",
      "properties": {
        "projectId": 11,
        "projectName": "Creekside West Apartments",
        "lotNumber": 5,
        "totalLotsInProject": 30,
        "parcelId": "20-4-0-18-000-000-010.001",
        "status": "Under Construction",
        "acres": 1.6666666666666667,
        "type": "Apartment Complex"
      },
      "geometry": {
        "type": "Polygon",
        "coordinates": [
          [
            [
              39.169236363636365,
              -94.69983636363636
            ],
            [
              39.169236363636365,
              -94.69956363636365
            ],
            [
              39.168963636363635,
              -94.69956363636365
            ],
            [
              39.168963636363635,
              -94.69983636363636
            ],
            [
              39.169236363636365,
              -94.69983636363636
            ]
          ]
        ]
      }
    },
    {
      "type": "Feature",
      "properties": {
        "projectId": 11,
        "projectName": "Creekside West Apartments",
        "lotNumber": 6,
        "totalLotsInProject": 30,
        "parcelId": "20-4-0-18-000-000-010.001",
        "status": "Under Construction",
        "acres": 1.6666666666666667,
        "type": "Apartment Complex"
      },
      "geometry": {
        "type": "Polygon",
        "coordinates": [
          [
            [
              39.169236363636365,
              -94.69953636363635
            ],
            [
              39.169236363636365,
              -94.69926363636364
            ],
            [
              39.168963636363635,
              -94.69926363636364
            ],
            [
              39.168963636363635,
              -94.69953636363635
            ],
            [
              39.169236363636365,
              -94.69953636363635
            ]
          ]
        ]
      }
    },
    {
      "type": "Feature",
      "properties": {
        "projectId": 11,
        "projectName": "Creekside West Apartments",
        "lotNumber": 7,
        "totalLotsInProject": 30,
        "parcelId": "20-4-0-18-000-000-010.001",
        "status": "Under Construction",
        "acres": 1.6666666666666667,
        "type": "Apartment Complex"
      },
      "geometry": {
        "type": "Polygon",
        "coordinates": [
          [
            [
              39.16953636363637,
              -94.70103636363636
            ],
            [
              39.16953636363637,
              -94.70076363636365
            ],
            [
              39.16926363636364,
              -94.70076363636365
            ],
            [
              39.16926363636364,
              -94.70103636363636
            ],
            [
              39.16953636363637,
              -94.70103636363636
            ]
          ]
        ]
      }
    },
    {
      "type": "Feature",
      "properties": {
        "projectId": 11,
        "projectName": "Creekside West Apartments",
        "lotNumber": 8,
        "totalLotsInProject": 30,
        "parcelId": "20-4-0-18-000-000-010.001",
        "status": "Under Construction",
        "acres": 1.6666666666666667,
        "type": "Apartment Complex"
      },
      "geometry": {
        "type": "Polygon",
        "coordinates": [
          [
            [
              39.16953636363637,
              -94.70073636363637
            ],
            [
              39.16953636363637,
              -94.70046363636365
            ],
            [
              39.16926363636364,
              -94.70046363636365
            ],
            [
              39.16926363636364,
              -94.70073636363637
            ],
            [
              39.16953636363637,
              -94.70073636363637
            ]
          ]
        ]
      }
    },
    {
      "type": "Feature",
      "properties": {
        "projectId": 11,
        "projectName": "Creekside West Apartments",
        "lotNumber": 9,
        "totalLotsInProject": 30,
        "parcelId": "20-4-0-18-000-000-010.001",
        "status": "Under Construction",
        "acres": 1.6666666666666667,
        "type": "Apartment Complex"
      },
      "geometry": {
        "type": "Polygon",
        "coordinates": [
          [
            [
              39.16953636363637,
              -94.70043636363636
            ],
            [
              39.16953636363637,
              -94.70016363636364
            ],
            [
              39.16926363636364,
              -94.70016363636364
            ],
            [
              39.16926363636364,
              -94.70043636363636
            ],
            [
              39.16953636363637,
              -94.70043636363636
            ]
          ]
        ]
      }
    },
    {
      "type": "Feature",
      "properties": {
        "projectId": 11,
        "projectName": "Creekside West Apartments",
        "lotNumber": 10,
        "totalLotsInProject": 30,
        "parcelId": "20-4-0-18-000-000-010.001",
        "status": "Under Construction",
        "acres": 1.6666666666666667,
        "type": "Apartment Complex"
      },
      "geometry": {
        "type": "Polygon",
        "coordinates": [
          [
            [
              39.16953636363637,
              -94.70013636363636
            ],
            [
              39.16953636363637,
              -94.69986363636365
            ],
            [
              39.16926363636364,
              -94.69986363636365
            ],
            [
              39.16926363636364,
              -94.70013636363636
            ],
            [
              39.16953636363637,
              -94.70013636363636
            ]
          ]
        ]
      }
    },
    {
      "type": "Feature",
      "properties": {
        "projectId": 11,
        "projectName": "Creekside West Apartments",
        "lotNumber": 11,
        "totalLotsInProject": 30,
        "parcelId": "20-4-0-18-000-000-010.001",
        "status": "Under Construction",
        "acres": 1.6666666666666667,
        "type": "Apartment Complex"
      },
      "geometry": {
        "type": "Polygon",
        "coordinates": [
          [
            [
              39.16953636363637,
              -94.69983636363636
            ],
            [
              39.16953636363637,
              -94.69956363636365
            ],
            [
              39.16926363636364,
              -94.69956363636365
            ],
            [
              39.16926363636364,
              -94.69983636363636
            ],
            [
              39.16953636363637,
              -94.69983636363636
            ]
          ]
        ]
      }
    },
    {
      "type": "Feature",
      "properties": {
        "projectId": 11,
        "projectName": "Creekside West Apartments",
        "lotNumber": 12,
        "totalLotsInProject": 30,
        "parcelId": "20-4-0-18-000-000-010.001",
        "status": "Under Construction",
        "acres": 1.6666666666666667,
        "type": "Apartment Complex"
      },
      "geometry": {
        "type": "Polygon",
        "coordinates": [
          [
            [
              39.16953636363637,
              -94.69953636363635
            ],
            [
              39.16953636363637,
              -94.69926363636364
            ],
            [
              39.16926363636364,
              -94.69926363636364
            ],
            [
              39.16926363636364,
              -94.69953636363635
            ],
            [
              39.16953636363637,
              -94.69953636363635
            ]
          ]
        ]
      }
    },
    {
      "type": "Feature",
      "properties": {
        "projectId": 11,
        "projectName": "Creekside West Apartments",
        "lotNumber": 13,
        "totalLotsInProject": 30,
        "parcelId": "20-4-0-18-000-000-010.001",
        "status": "Under Construction",
        "acres": 1.6666666666666667,
        "type": "Apartment Complex"
      },
      "geometry": {
        "type": "Polygon",
        "coordinates": [
          [
            [
              39.169836363636364,
              -94.70103636363636
            ],
            [
              39.169836363636364,
              -94.70076363636365
            ],
            [
              39.169563636363634,
              -94.70076363636365
            ],
            [
              39.169563636363634,
              -94.70103636363636
            ],
            [
              39.169836363636364,
              -94.70103636363636
            ]
          ]
        ]
      }
    },
    {
      "type": "Feature",
      "properties": {
        "projectId": 11,
        "projectName": "Creekside West Apartments",
        "lotNumber": 14,
        "totalLotsInProject": 30,
        "parcelId": "20-4-0-18-000-000-010.001",
        "status": "Under Construction",
        "acres": 1.6666666666666667,
        "type": "Apartment Complex"
      },
      "geometry": {
        "type": "Polygon",
        "coordinates": [
          [
            [
              39.169836363636364,
              -94.70073636363637
            ],
            [
              39.169836363636364,
              -94.70046363636365
            ],
            [
              39.169563636363634,
              -94.70046363636365
            ],
            [
              39.169563636363634,
              -94.70073636363637
            ],
            [
              39.169836363636364,
              -94.70073636363637
            ]
          ]
        ]
      }
    },
    {
      "type": "Feature",
      "properties": {
        "projectId": 11,
        "projectName": "Creekside West Apartments",
        "lotNumber": 15,
        "totalLotsInProject": 30,
        "parcelId": "20-4-0-18-000-000-010.001",
        "status": "Under Construction",
        "acres": 1.6666666666666667,
        "type": "Apartment Complex"
      },
      "geometry": {
        "type": "Polygon",
        "coordinates": [
          [
            [
              39.169836363636364,
              -94.70043636363636
            ],
            [
              39.169836363636364,
              -94.70016363636364
            ],
            [
              39.169563636363634,
              -94.70016363636364
            ],
            [
              39.169563636363634,
              -94.70043636363636
            ],
            [
              39.169836363636364,
              -94.70043636363636
            ]
          ]
        ]
      }
    },
    {
      "type": "Feature",
      "properties": {
        "projectId": 11,
        "projectName": "Creekside West Apartments",
        "lotNumber": 16,
        "totalLotsInProject": 30,
        "parcelId": "20-4-0-18-000-000-010.001",
        "status": "Under Construction",
        "acres": 1.6666666666666667,
        "type": "Apartment Complex"
      },
      "geometry": {
        "type": "Polygon",
        "coordinates": [
          [
            [
              39.169836363636364,
              -94.70013636363636
            ],
            [
              39.169836363636364,
              -94.69986363636365
            ],
            [
              39.169563636363634,
              -94.69986363636365
            ],
            [
              39.169563636363634,
              -94.70013636363636
            ],
            [
              39.169836363636364,
              -94.70013636363636
            ]
          ]
        ]
      }
    },
    {
      "type": "Feature",
      "properties": {
        "projectId": 11,
        "projectName": "Creekside West Apartments",
        "lotNumber": 17,
        "totalLotsInProject": 30,
        "parcelId": "20-4-0-18-000-000-010.001",
        "status": "Under Construction",
        "acres": 1.6666666666666667,
        "type": "Apartment Complex"
      },
      "geometry": {
        "type": "Polygon",
        "coordinates": [
          [
            [
              39.169836363636364,
              -94.69983636363636
            ],
            [
              39.169836363636364,
              -94.69956363636365
            ],
            [
              39.169563636363634,
              -94.69956363636365
            ],
            [
              39.169563636363634,
              -94.69983636363636
            ],
            [
              39.169836363636364,
              -94.69983636363636
            ]
          ]
        ]
      }
    },
    {
      "type": "Feature",
      "properties": {
        "projectId": 11,
        "projectName": "Creekside West Apartments",
        "lotNumber": 18,
        "totalLotsInProject": 30,
        "parcelId": "20-4-0-18-000-000-010.001",
        "status": "Under Construction",
        "acres": 1.6666666666666667,
        "type": "Apartment Complex"
      },
      "geometry": {
        "type": "Polygon",
        "coordinates": [
          [
            [
              39.169836363636364,
              -94.69953636363635
            ],
            [
              39.169836363636364,
              -94.69926363636364
            ],
            [
              39.169563636363634,
              -94.69926363636364
            ],
            [
              39.169563636363634,
              -94.69953636363635
            ],
            [
              39.169836363636364,
              -94.69953636363635
            ]
          ]
        ]
      }
    },
    {
      "type": "Feature",
      "properties": {
        "projectId": 11,
        "projectName": "Creekside West Apartments",
        "lotNumber": 19,
        "totalLotsInProject": 30,
        "parcelId": "20-4-0-18-000-000-010.001",
        "status": "Under Construction",
        "acres": 1.6666666666666667,
        "type": "Apartment Complex"
      },
      "geometry": {
        "type": "Polygon",
        "coordinates": [
          [
            [
              39.17013636363637,
              -94.70103636363636
            ],
            [
              39.17013636363637,
              -94.70076363636365
            ],
            [
              39.16986363636364,
              -94.70076363636365
            ],
            [
              39.16986363636364,
              -94.70103636363636
            ],
            [
              39.17013636363637,
              -94.70103636363636
            ]
          ]
        ]
      }
    },
    {
      "type": "Feature",
      "properties": {
        "projectId": 11,
        "projectName": "Creekside West Apartments",
        "lotNumber": 20,
        "totalLotsInProject": 30,
        "parcelId": "20-4-0-18-000-000-010.001",
        "status": "Under Construction",
        "acres": 1.6666666666666667,
        "type": "Apartment Complex"
      },
      "geometry": {
        "type": "Polygon",
        "coordinates": [
          [
            [
              39.17013636363637,
              -94.70073636363637
            ],
            [
              39.17013636363637,
              -94.70046363636365
            ],
            [
              39.16986363636364,
              -94.70046363636365
            ],
            [
              39.16986363636364,
              -94.70073636363637
            ],
            [
              39.17013636363637,
              -94.70073636363637
            ]
          ]
        ]
      }
    },
    {
      "type": "Feature",
      "properties": {
        "projectId": 11,
        "projectName": "Creekside West Apartments",
        "lotNumber": 21,
        "totalLotsInProject": 30,
        "parcelId": "20-4-0-18-000-000-010.001",
        "status": "Under Construction",
        "acres": 1.6666666666666667,
        "type": "Apartment Complex"
      },
      "geometry": {
        "type": "Polygon",
        "coordinates": [
          [
            [
              39.17013636363637,
              -94.70043636363636
            ],
            [
              39.17013636363637,
              -94.70016363636364
            ],
            [
              39.16986363636364,
              -94.70016363636364
            ],
            [
              39.16986363636364,
              -94.70043636363636
            ],
            [
              39.17013636363637,
              -94.70043636363636
            ]
          ]
        ]
      }
    },
    {
      "type": "Feature",
      "properties": {
        "projectId": 11,
        "projectName": "Creekside West Apartments",
        "lotNumber": 22,
        "totalLotsInProject": 30,
        "parcelId": "20-4-0-18-000-000-010.001",
        "status": "Under Construction",
        "acres": 1.6666666666666667,
        "type": "Apartment Complex"
      },
      "geometry": {
        "type": "Polygon",
        "coordinates": [
          [
            [
              39.17013636363637,
              -94.70013636363636
            ],
            [
              39.17013636363637,
              -94.69986363636365
            ],
            [
              39.16986363636364,
              -94.69986363636365
            ],
            [
              39.16986363636364,
              -94.70013636363636
            ],
            [
              39.17013636363637,
              -94.70013636363636
            ]
          ]
        ]
      }
    },
    {
      "type": "Feature",
      "properties": {
        "projectId": 11,
        "projectName": "Creekside West Apartments",
        "lotNumber": 23,
        "totalLotsInProject": 30,
        "parcelId": "20-4-0-18-000-000-010.001",
        "status": "Under Construction",
        "acres": 1.6666666666666667,
        "type": "Apartment Complex"
      },
      "geometry": {
        "type": "Polygon",
        "coordinates": [
          [
            [
              39.17013636363637,
              -94.69983636363636
            ],
            [
              39.17013636363637,
              -94.69956363636365
            ],
            [
              39.16986363636364,
              -94.69956363636365
            ],
            [
              39.16986363636364,
              -94.69983636363636
            ],
            [
              39.17013636363637,
              -94.69983636363636
            ]
          ]
        ]
      }
    },
    {
      "type": "Feature",
      "properties": {
        "projectId": 11,
        "projectName": "Creekside West Apartments",
        "lotNumber": 24,
        "totalLotsInProject": 30,
        "parcelId": "20-4-0-18-000-000-010.001",
        "status": "Under Construction",
        "acres": 1.6666666666666667,
        "type": "Apartment Complex"
      },
      "geometry": {
        "type": "Polygon",
        "coordinates": [
          [
            [
              39.17013636363637,
              -94.69953636363635
            ],
            [
              39.17013636363637,
              -94.69926363636364
            ],
            [
              39.16986363636364,
              -94.69926363636364
            ],
            [
              39.16986363636364,
              -94.69953636363635
            ],
            [
              39.17013636363637,
              -94.69953636363635
            ]
          ]
        ]
      }
    },
    {
      "type": "Feature",
      "properties": {
        "projectId": 11,
        "projectName": "Creekside West Apartments",
        "lotNumber": 25,
        "totalLotsInProject": 30,
        "parcelId": "20-4-0-18-000-000-010.001",
        "status": "Under Construction",
        "acres": 1.6666666666666667,
        "type": "Apartment Complex"
      },
      "geometry": {
        "type": "Polygon",
        "coordinates": [
          [
            [
              39.17043636363637,
              -94.70103636363636
            ],
            [
              39.17043636363637,
              -94.70076363636365
            ],
            [
              39.17016363636364,
              -94.70076363636365
            ],
            [
              39.17016363636364,
              -94.70103636363636
            ],
            [
              39.17043636363637,
              -94.70103636363636
            ]
          ]
        ]
      }
    },
    {
      "type": "Feature",
      "properties": {
        "projectId": 11,
        "projectName": "Creekside West Apartments",
        "lotNumber": 26,
        "totalLotsInProject": 30,
        "parcelId": "20-4-0-18-000-000-010.001",
        "status": "Under Construction",
        "acres": 1.6666666666666667,
        "type": "Apartment Complex"
      },
      "geometry": {
        "type": "Polygon",
        "coordinates": [
          [
            [
              39.17043636363637,
              -94.70073636363637
            ],
            [
              39.17043636363637,
              -94.70046363636365
            ],
            [
              39.17016363636364,
              -94.70046363636365
            ],
            [
              39.17016363636364,
              -94.70073636363637
            ],
            [
              39.17043636363637,
              -94.70073636363637
            ]
          ]
        ]
      }
    },
    {
      "type": "Feature",
      "properties": {
        "projectId": 11,
        "projectName": "Creekside West Apartments",
        "lotNumber": 27,
        "totalLotsInProject": 30,
        "parcelId": "20-4-0-18-000-000-010.001",
        "status": "Under Construction",
        "acres": 1.6666666666666667,
        "type": "Apartment Complex"
      },
      "geometry": {
        "type": "Polygon",
        "coordinates": [
          [
            [
              39.17043636363637,
              -94.70043636363636
            ],
            [
              39.17043636363637,
              -94.70016363636364
            ],
            [
              39.17016363636364,
              -94.70016363636364
            ],
            [
              39.17016363636364,
              -94.70043636363636
            ],
            [
              39.17043636363637,
              -94.70043636363636
            ]
          ]
        ]
      }
    },
    {
      "type": "Feature",
      "properties": {
        "projectId": 11,
        "projectName": "Creekside West Apartments",
        "lotNumber": 28,
        "totalLotsInProject": 30,
        "parcelId": "20-4-0-18-000-000-010.001",
        "status": "Under Construction",
        "acres": 1.6666666666666667,
        "type": "Apartment Complex"
      },
      "geometry": {
        "type": "Polygon",
        "coordinates": [
          [
            [
              39.17043636363637,
              -94.70013636363636
            ],
            [
              39.17043636363637,
              -94.69986363636365
            ],
            [
              39.17016363636364,
              -94.69986363636365
            ],
            [
              39.17016363636364,
              -94.70013636363636
            ],
            [
              39.17043636363637,
              -94.70013636363636
            ]
          ]
        ]
      }
    },
    {
      "type": "Feature",
      "properties": {
        "projectId": 11,
        "projectName": "Creekside West Apartments",
        "lotNumber": 29,
        "totalLotsInProject": 30,
        "parcelId": "20-4-0-18-000-000-010.001",
        "status": "Under Construction",
        "acres": 1.6666666666666667,
        "type": "Apartment Complex"
      },
      "geometry": {
        "type": "Polygon",
        "coordinates": [
          [
            [
              39.17043636363637,
              -94.69983636363636
            ],
            [
              39.17043636363637,
              -94.69956363636365
            ],
            [
              39.17016363636364,
              -94.69956363636365
            ],
            [
              39.17016363636364,
              -94.69983636363636
            ],
            [
              39.17043636363637,
              -94.69983636363636
            ]
          ]
        ]
      }
    },
    {
      "type": "Feature",
      "properties": {
        "projectId": 11,
        "projectName": "Creekside West Apartments",
        "lotNumber": 30,
        "totalLotsInProject": 30,
        "parcelId": "20-4-0-18-000-000-010.001",
        "status": "Under Construction",
        "acres": 1.6666666666666667,
        "type": "Apartment Complex"
      },
      "geometry": {
        "type": "Polygon",
        "coordinates": [
          [
            [
              39.17043636363637,
              -94.69953636363635
            ],
            [
              39.17043636363637,
              -94.69926363636364
            ],
            [
              39.17016363636364,
              -94.69926363636364
            ],
            [
              39.17016363636364,
              -94.69953636363635
            ],
            [
              39.17043636363637,
              -94.69953636363635
            ]
          ]
        ]
      }
    },
    {
      "type": "Feature",
      "properties": {
        "projectId": 12,
        "projectName": "The Hills at The National",
        "lotNumber": 1,
        "totalLotsInProject": 21,
        "parcelId": "20-5-0-22-300-001-015.000",
        "status": "Under Review",
        "acres": 1.0666666666666667,
        "type": "Residential Subdivision"
      },
      "geometry": {
        "type": "Polygon",
        "coordinates": [
          [
            [
              39.20938636363637,
              -94.69088636363635
            ],
            [
              39.20938636363637,
              -94.69061363636364
            ],
            [
              39.20911363636364,
              -94.69061363636364
            ],
            [
              39.20911363636364,
              -94.69088636363635
            ],
            [
              39.20938636363637,
              -94.69088636363635
            ]
          ]
        ]
      }
    },
    {
      "type": "Feature",
      "properties": {
        "projectId": 12,
        "projectName": "The Hills at The National",
        "lotNumber": 2,
        "totalLotsInProject": 21,
        "parcelId": "20-5-0-22-300-001-015.000",
        "status": "Under Review",
        "acres": 1.0666666666666667,
        "type": "Residential Subdivision"
      },
      "geometry": {
        "type": "Polygon",
        "coordinates": [
          [
            [
              39.20938636363637,
              -94.69058636363636
            ],
            [
              39.20938636363637,
              -94.69031363636364
            ],
            [
              39.20911363636364,
              -94.69031363636364
            ],
            [
              39.20911363636364,
              -94.69058636363636
            ],
            [
              39.20938636363637,
              -94.69058636363636
            ]
          ]
        ]
      }
    },
    {
      "type": "Feature",
      "properties": {
        "projectId": 12,
        "projectName": "The Hills at The National",
        "lotNumber": 3,
        "totalLotsInProject": 21,
        "parcelId": "20-5-0-22-300-001-015.000",
        "status": "Under Review",
        "acres": 1.0666666666666667,
        "type": "Residential Subdivision"
      },
      "geometry": {
        "type": "Polygon",
        "coordinates": [
          [
            [
              39.20938636363637,
              -94.69028636363636
            ],
            [
              39.20938636363637,
              -94.69001363636364
            ],
            [
              39.20911363636364,
              -94.69001363636364
            ],
            [
              39.20911363636364,
              -94.69028636363636
            ],
            [
              39.20938636363637,
              -94.69028636363636
            ]
          ]
        ]
      }
    },
    {
      "type": "Feature",
      "properties": {
        "projectId": 12,
        "projectName": "The Hills at The National",
        "lotNumber": 4,
        "totalLotsInProject": 21,
        "parcelId": "20-5-0-22-300-001-015.000",
        "status": "Under Review",
        "acres": 1.0666666666666667,
        "type": "Residential Subdivision"
      },
      "geometry": {
        "type": "Polygon",
        "coordinates": [
          [
            [
              39.20938636363637,
              -94.68998636363635
            ],
            [
              39.20938636363637,
              -94.68971363636363
            ],
            [
              39.20911363636364,
              -94.68971363636363
            ],
            [
              39.20911363636364,
              -94.68998636363635
            ],
            [
              39.20938636363637,
              -94.68998636363635
            ]
          ]
        ]
      }
    },
    {
      "type": "Feature",
      "properties": {
        "projectId": 12,
        "projectName": "The Hills at The National",
        "lotNumber": 5,
        "totalLotsInProject": 21,
        "parcelId": "20-5-0-22-300-001-015.000",
        "status": "Under Review",
        "acres": 1.0666666666666667,
        "type": "Residential Subdivision"
      },
      "geometry": {
        "type": "Polygon",
        "coordinates": [
          [
            [
              39.20938636363637,
              -94.68968636363635
            ],
            [
              39.20938636363637,
              -94.68941363636364
            ],
            [
              39.20911363636364,
              -94.68941363636364
            ],
            [
              39.20911363636364,
              -94.68968636363635
            ],
            [
              39.20938636363637,
              -94.68968636363635
            ]
          ]
        ]
      }
    },
    {
      "type": "Feature",
      "properties": {
        "projectId": 12,
        "projectName": "The Hills at The National",
        "lotNumber": 6,
        "totalLotsInProject": 21,
        "parcelId": "20-5-0-22-300-001-015.000",
        "status": "Under Review",
        "acres": 1.0666666666666667,
        "type": "Residential Subdivision"
      },
      "geometry": {
        "type": "Polygon",
        "coordinates": [
          [
            [
              39.209686363636365,
              -94.69088636363635
            ],
            [
              39.209686363636365,
              -94.69061363636364
            ],
            [
              39.209413636363635,
              -94.69061363636364
            ],
            [
              39.209413636363635,
              -94.69088636363635
            ],
            [
              39.209686363636365,
              -94.69088636363635
            ]
          ]
        ]
      }
    },
    {
      "type": "Feature",
      "properties": {
        "projectId": 12,
        "projectName": "The Hills at The National",
        "lotNumber": 7,
        "totalLotsInProject": 21,
        "parcelId": "20-5-0-22-300-001-015.000",
        "status": "Under Review",
        "acres": 1.0666666666666667,
        "type": "Residential Subdivision"
      },
      "geometry": {
        "type": "Polygon",
        "coordinates": [
          [
            [
              39.209686363636365,
              -94.69058636363636
            ],
            [
              39.209686363636365,
              -94.69031363636364
            ],
            [
              39.209413636363635,
              -94.69031363636364
            ],
            [
              39.209413636363635,
              -94.69058636363636
            ],
            [
              39.209686363636365,
              -94.69058636363636
            ]
          ]
        ]
      }
    },
    {
      "type": "Feature",
      "properties": {
        "projectId": 12,
        "projectName": "The Hills at The National",
        "lotNumber": 8,
        "totalLotsInProject": 21,
        "parcelId": "20-5-0-22-300-001-015.000",
        "status": "Under Review",
        "acres": 1.0666666666666667,
        "type": "Residential Subdivision"
      },
      "geometry": {
        "type": "Polygon",
        "coordinates": [
          [
            [
              39.209686363636365,
              -94.69028636363636
            ],
            [
              39.209686363636365,
              -94.69001363636364
            ],
            [
              39.209413636363635,
              -94.69001363636364
            ],
            [
              39.209413636363635,
              -94.69028636363636
            ],
            [
              39.209686363636365,
              -94.69028636363636
            ]
          ]
        ]
      }
    },
    {
      "type": "Feature",
      "properties": {
        "projectId": 12,
        "projectName": "The Hills at The National",
        "lotNumber": 9,
        "totalLotsInProject": 21,
        "parcelId": "20-5-0-22-300-001-015.000",
        "status": "Under Review",
        "acres": 1.0666666666666667,
        "type": "Residential Subdivision"
      },
      "geometry": {
        "type": "Polygon",
        "coordinates": [
          [
            [
              39.209686363636365,
              -94.68998636363635
            ],
            [
              39.209686363636365,
              -94.68971363636363
            ],
            [
              39.209413636363635,
              -94.68971363636363
            ],
            [
              39.209413636363635,
              -94.68998636363635
            ],
            [
              39.209686363636365,
              -94.68998636363635
            ]
          ]
        ]
      }
    },
    {
      "type": "Feature",
      "properties": {
        "projectId": 12,
        "projectName": "The Hills at The National",
        "lotNumber": 10,
        "totalLotsInProject": 21,
        "parcelId": "20-5-0-22-300-001-015.000",
        "status": "Under Review",
        "acres": 1.0666666666666667,
        "type": "Residential Subdivision"
      },
      "geometry": {
        "type": "Polygon",
        "coordinates": [
          [
            [
              39.209686363636365,
              -94.68968636363635
            ],
            [
              39.209686363636365,
              -94.68941363636364
            ],
            [
              39.209413636363635,
              -94.68941363636364
            ],
            [
              39.209413636363635,
              -94.68968636363635
            ],
            [
              39.209686363636365,
              -94.68968636363635
            ]
          ]
        ]
      }
    },
    {
      "type": "Feature",
      "properties": {
        "projectId": 12,
        "projectName": "The Hills at The National",
        "lotNumber": 11,
        "totalLotsInProject": 21,
        "parcelId": "20-5-0-22-300-001-015.000",
        "status": "Under Review",
        "acres": 1.0666666666666667,
        "type": "Residential Subdivision"
      },
      "geometry": {
        "type": "Polygon",
        "coordinates": [
          [
            [
              39.20998636363637,
              -94.69088636363635
            ],
            [
              39.20998636363637,
              -94.69061363636364
            ],
            [
              39.20971363636364,
              -94.69061363636364
            ],
            [
              39.20971363636364,
              -94.69088636363635
            ],
            [
              39.20998636363637,
              -94.69088636363635
            ]
          ]
        ]
      }
    },
    {
      "type": "Feature",
      "properties": {
        "projectId": 12,
        "projectName": "The Hills at The National",
        "lotNumber": 12,
        "totalLotsInProject": 21,
        "parcelId": "20-5-0-22-300-001-015.000",
        "status": "Under Review",
        "acres": 1.0666666666666667,
        "type": "Residential Subdivision"
      },
      "geometry": {
        "type": "Polygon",
        "coordinates": [
          [
            [
              39.20998636363637,
              -94.69058636363636
            ],
            [
              39.20998636363637,
              -94.69031363636364
            ],
            [
              39.20971363636364,
              -94.69031363636364
            ],
            [
              39.20971363636364,
              -94.69058636363636
            ],
            [
              39.20998636363637,
              -94.69058636363636
            ]
          ]
        ]
      }
    },
    {
      "type": "Feature",
      "properties": {
        "projectId": 12,
        "projectName": "The Hills at The National",
        "lotNumber": 13,
        "totalLotsInProject": 21,
        "parcelId": "20-5-0-22-300-001-015.000",
        "status": "Under Review",
        "acres": 1.0666666666666667,
        "type": "Residential Subdivision"
      },
      "geometry": {
        "type": "Polygon",
        "coordinates": [
          [
            [
              39.20998636363637,
              -94.69028636363636
            ],
            [
              39.20998636363637,
              -94.69001363636364
            ],
            [
              39.20971363636364,
              -94.69001363636364
            ],
            [
              39.20971363636364,
              -94.69028636363636
            ],
            [
              39.20998636363637,
              -94.69028636363636
            ]
          ]
        ]
      }
    },
    {
      "type": "Feature",
      "properties": {
        "projectId": 12,
        "projectName": "The Hills at The National",
        "lotNumber": 14,
        "totalLotsInProject": 21,
        "parcelId": "20-5-0-22-300-001-015.000",
        "status": "Under Review",
        "acres": 1.0666666666666667,
        "type": "Residential Subdivision"
      },
      "geometry": {
        "type": "Polygon",
        "coordinates": [
          [
            [
              39.20998636363637,
              -94.68998636363635
            ],
            [
              39.20998636363637,
              -94.68971363636363
            ],
            [
              39.20971363636364,
              -94.68971363636363
            ],
            [
              39.20971363636364,
              -94.68998636363635
            ],
            [
              39.20998636363637,
              -94.68998636363635
            ]
          ]
        ]
      }
    },
    {
      "type": "Feature",
      "properties": {
        "projectId": 12,
        "projectName": "The Hills at The National",
        "lotNumber": 15,
        "totalLotsInProject": 21,
        "parcelId": "20-5-0-22-300-001-015.000",
        "status": "Under Review",
        "acres": 1.0666666666666667,
        "type": "Residential Subdivision"
      },
      "geometry": {
        "type": "Polygon",
        "coordinates": [
          [
            [
              39.20998636363637,
              -94.68968636363635
            ],
            [
              39.20998636363637,
              -94.68941363636364
            ],
            [
              39.20971363636364,
              -94.68941363636364
            ],
            [
              39.20971363636364,
              -94.68968636363635
            ],
            [
              39.20998636363637,
              -94.68968636363635
            ]
          ]
        ]
      }
    },
    {
      "type": "Feature",
      "properties": {
        "projectId": 12,
        "projectName": "The Hills at The National",
        "lotNumber": 16,
        "totalLotsInProject": 21,
        "parcelId": "20-5-0-22-300-001-015.000",
        "status": "Under Review",
        "acres": 1.0666666666666667,
        "type": "Residential Subdivision"
      },
      "geometry": {
        "type": "Polygon",
        "coordinates": [
          [
            [
              39.210286363636364,
              -94.69088636363635
            ],
            [
              39.210286363636364,
              -94.69061363636364
            ],
            [
              39.210013636363634,
              -94.69061363636364
            ],
            [
              39.210013636363634,
              -94.69088636363635
            ],
            [
              39.210286363636364,
              -94.69088636363635
            ]
          ]
        ]
      }
    },
    {
      "type": "Feature",
      "properties": {
        "projectId": 12,
        "projectName": "The Hills at The National",
        "lotNumber": 17,
        "totalLotsInProject": 21,
        "parcelId": "20-5-0-22-300-001-015.000",
        "status": "Under Review",
        "acres": 1.0666666666666667,
        "type": "Residential Subdivision"
      },
      "geometry": {
        "type": "Polygon",
        "coordinates": [
          [
            [
              39.210286363636364,
              -94.69058636363636
            ],
            [
              39.210286363636364,
              -94.69031363636364
            ],
            [
              39.210013636363634,
              -94.69031363636364
            ],
            [
              39.210013636363634,
              -94.69058636363636
            ],
            [
              39.210286363636364,
              -94.69058636363636
            ]
          ]
        ]
      }
    },
    {
      "type": "Feature",
      "properties": {
        "projectId": 12,
        "projectName": "The Hills at The National",
        "lotNumber": 18,
        "totalLotsInProject": 21,
        "parcelId": "20-5-0-22-300-001-015.000",
        "status": "Under Review",
        "acres": 1.0666666666666667,
        "type": "Residential Subdivision"
      },
      "geometry": {
        "type": "Polygon",
        "coordinates": [
          [
            [
              39.210286363636364,
              -94.69028636363636
            ],
            [
              39.210286363636364,
              -94.69001363636364
            ],
            [
              39.210013636363634,
              -94.69001363636364
            ],
            [
              39.210013636363634,
              -94.69028636363636
            ],
            [
              39.210286363636364,
              -94.69028636363636
            ]
          ]
        ]
      }
    },
    {
      "type": "Feature",
      "properties": {
        "projectId": 12,
        "projectName": "The Hills at The National",
        "lotNumber": 19,
        "totalLotsInProject": 21,
        "parcelId": "20-5-0-22-300-001-015.000",
        "status": "Under Review",
        "acres": 1.0666666666666667,
        "type": "Residential Subdivision"
      },
      "geometry": {
        "type": "Polygon",
        "coordinates": [
          [
            [
              39.210286363636364,
              -94.68998636363635
            ],
            [
              39.210286363636364,
              -94.68971363636363
            ],
            [
              39.210013636363634,
              -94.68971363636363
            ],
            [
              39.210013636363634,
              -94.68998636363635
            ],
            [
              39.210286363636364,
              -94.68998636363635
            ]
          ]
        ]
      }
    },
    {
      "type": "Feature",
      "properties": {
        "projectId": 12,
        "projectName": "The Hills at The National",
        "lotNumber": 20,
        "totalLotsInProject": 21,
        "parcelId": "20-5-0-22-300-001-015.000",
        "status": "Under Review",
        "acres": 1.0666666666666667,
        "type": "Residential Subdivision"
      },
      "geometry": {
        "type": "Polygon",
        "coordinates": [
          [
            [
              39.210286363636364,
              -94.68968636363635
            ],
            [
              39.210286363636364,
              -94.68941363636364
            ],
            [
              39.210013636363634,
              -94.68941363636364
            ],
            [
              39.210013636363634,
              -94.68968636363635
            ],
            [
              39.210286363636364,
              -94.68968636363635
            ]
          ]
        ]
      }
    },
    {
      "type": "Feature",
      "properties": {
        "projectId": 12,
        "projectName": "The Hills at The National",
        "lotNumber": 21,
        "totalLotsInProject": 21,
        "parcelId": "20-5-0-22-300-001-015.000",
        "status": "Under Review",
        "acres": 1.0666666666666667,
        "type": "Residential Subdivision"
      },
      "geometry": {
        "type": "Polygon",
        "coordinates": [
          [
            [
              39.21058636363637,
              -94.69088636363635
            ],
            [
              39.21058636363637,
              -94.69061363636364
            ],
            [
              39.21031363636364,
              -94.69061363636364
            ],
            [
              39.21031363636364,
              -94.69088636363635
            ],
            [
              39.21058636363637,
              -94.69088636363635
            ]
          ]
        ]
      }
    },
    {
      "type": "Feature",
      "properties": {
        "projectId": 13,
        "projectName": "Creekside West",
        "lotNumber": 1,
        "totalLotsInProject": 30,
        "parcelId": "20-4-0-18-000-000-010.002",
        "status": "Proposed",
        "acres": 1.9623333333333333,
        "type": "Mixed Residential"
      },
      "geometry": {
        "type": "Polygon",
        "coordinates": [
          [
            [
              39.15923636363636,
              -94.71103636363635
            ],
            [
              39.15923636363636,
              -94.71076363636364
            ],
            [
              39.15896363636363,
              -94.71076363636364
            ],
            [
              39.15896363636363,
              -94.71103636363635
            ],
            [
              39.15923636363636,
              -94.71103636363635
            ]
          ]
        ]
      }
    },
    {
      "type": "Feature",
      "properties": {
        "projectId": 13,
        "projectName": "Creekside West",
        "lotNumber": 2,
        "totalLotsInProject": 30,
        "parcelId": "20-4-0-18-000-000-010.002",
        "status": "Proposed",
        "acres": 1.9623333333333333,
        "type": "Mixed Residential"
      },
      "geometry": {
        "type": "Polygon",
        "coordinates": [
          [
            [
              39.15923636363636,
              -94.71073636363636
            ],
            [
              39.15923636363636,
              -94.71046363636364
            ],
            [
              39.15896363636363,
              -94.71046363636364
            ],
            [
              39.15896363636363,
              -94.71073636363636
            ],
            [
              39.15923636363636,
              -94.71073636363636
            ]
          ]
        ]
      }
    },
    {
      "type": "Feature",
      "properties": {
        "projectId": 13,
        "projectName": "Creekside West",
        "lotNumber": 3,
        "totalLotsInProject": 30,
        "parcelId": "20-4-0-18-000-000-010.002",
        "status": "Proposed",
        "acres": 1.9623333333333333,
        "type": "Mixed Residential"
      },
      "geometry": {
        "type": "Polygon",
        "coordinates": [
          [
            [
              39.15923636363636,
              -94.71043636363635
            ],
            [
              39.15923636363636,
              -94.71016363636363
            ],
            [
              39.15896363636363,
              -94.71016363636363
            ],
            [
              39.15896363636363,
              -94.71043636363635
            ],
            [
              39.15923636363636,
              -94.71043636363635
            ]
          ]
        ]
      }
    },
    {
      "type": "Feature",
      "properties": {
        "projectId": 13,
        "projectName": "Creekside West",
        "lotNumber": 4,
        "totalLotsInProject": 30,
        "parcelId": "20-4-0-18-000-000-010.002",
        "status": "Proposed",
        "acres": 1.9623333333333333,
        "type": "Mixed Residential"
      },
      "geometry": {
        "type": "Polygon",
        "coordinates": [
          [
            [
              39.15923636363636,
              -94.71013636363635
            ],
            [
              39.15923636363636,
              -94.70986363636364
            ],
            [
              39.15896363636363,
              -94.70986363636364
            ],
            [
              39.15896363636363,
              -94.71013636363635
            ],
            [
              39.15923636363636,
              -94.71013636363635
            ]
          ]
        ]
      }
    },
    {
      "type": "Feature",
      "properties": {
        "projectId": 13,
        "projectName": "Creekside West",
        "lotNumber": 5,
        "totalLotsInProject": 30,
        "parcelId": "20-4-0-18-000-000-010.002",
        "status": "Proposed",
        "acres": 1.9623333333333333,
        "type": "Mixed Residential"
      },
      "geometry": {
        "type": "Polygon",
        "coordinates": [
          [
            [
              39.15923636363636,
              -94.70983636363636
            ],
            [
              39.15923636363636,
              -94.70956363636364
            ],
            [
              39.15896363636363,
              -94.70956363636364
            ],
            [
              39.15896363636363,
              -94.70983636363636
            ],
            [
              39.15923636363636,
              -94.70983636363636
            ]
          ]
        ]
      }
    },
    {
      "type": "Feature",
      "properties": {
        "projectId": 13,
        "projectName": "Creekside West",
        "lotNumber": 6,
        "totalLotsInProject": 30,
        "parcelId": "20-4-0-18-000-000-010.002",
        "status": "Proposed",
        "acres": 1.9623333333333333,
        "type": "Mixed Residential"
      },
      "geometry": {
        "type": "Polygon",
        "coordinates": [
          [
            [
              39.15923636363636,
              -94.70953636363635
            ],
            [
              39.15923636363636,
              -94.70926363636363
            ],
            [
              39.15896363636363,
              -94.70926363636363
            ],
            [
              39.15896363636363,
              -94.70953636363635
            ],
            [
              39.15923636363636,
              -94.70953636363635
            ]
          ]
        ]
      }
    },
    {
      "type": "Feature",
      "properties": {
        "projectId": 13,
        "projectName": "Creekside West",
        "lotNumber": 7,
        "totalLotsInProject": 30,
        "parcelId": "20-4-0-18-000-000-010.002",
        "status": "Proposed",
        "acres": 1.9623333333333333,
        "type": "Mixed Residential"
      },
      "geometry": {
        "type": "Polygon",
        "coordinates": [
          [
            [
              39.15953636363636,
              -94.71103636363635
            ],
            [
              39.15953636363636,
              -94.71076363636364
            ],
            [
              39.15926363636363,
              -94.71076363636364
            ],
            [
              39.15926363636363,
              -94.71103636363635
            ],
            [
              39.15953636363636,
              -94.71103636363635
            ]
          ]
        ]
      }
    },
    {
      "type": "Feature",
      "properties": {
        "projectId": 13,
        "projectName": "Creekside West",
        "lotNumber": 8,
        "totalLotsInProject": 30,
        "parcelId": "20-4-0-18-000-000-010.002",
        "status": "Proposed",
        "acres": 1.9623333333333333,
        "type": "Mixed Residential"
      },
      "geometry": {
        "type": "Polygon",
        "coordinates": [
          [
            [
              39.15953636363636,
              -94.71073636363636
            ],
            [
              39.15953636363636,
              -94.71046363636364
            ],
            [
              39.15926363636363,
              -94.71046363636364
            ],
            [
              39.15926363636363,
              -94.71073636363636
            ],
            [
              39.15953636363636,
              -94.71073636363636
            ]
          ]
        ]
      }
    },
    {
      "type": "Feature",
      "properties": {
        "projectId": 13,
        "projectName": "Creekside West",
        "lotNumber": 9,
        "totalLotsInProject": 30,
        "parcelId": "20-4-0-18-000-000-010.002",
        "status": "Proposed",
        "acres": 1.9623333333333333,
        "type": "Mixed Residential"
      },
      "geometry": {
        "type": "Polygon",
        "coordinates": [
          [
            [
              39.15953636363636,
              -94.71043636363635
            ],
            [
              39.15953636363636,
              -94.71016363636363
            ],
            [
              39.15926363636363,
              -94.71016363636363
            ],
            [
              39.15926363636363,
              -94.71043636363635
            ],
            [
              39.15953636363636,
              -94.71043636363635
            ]
          ]
        ]
      }
    },
    {
      "type": "Feature",
      "properties": {
        "projectId": 13,
        "projectName": "Creekside West",
        "lotNumber": 10,
        "totalLotsInProject": 30,
        "parcelId": "20-4-0-18-000-000-010.002",
        "status": "Proposed",
        "acres": 1.9623333333333333,
        "type": "Mixed Residential"
      },
      "geometry": {
        "type": "Polygon",
        "coordinates": [
          [
            [
              39.15953636363636,
              -94.71013636363635
            ],
            [
              39.15953636363636,
              -94.70986363636364
            ],
            [
              39.15926363636363,
              -94.70986363636364
            ],
            [
              39.15926363636363,
              -94.71013636363635
            ],
            [
              39.15953636363636,
              -94.71013636363635
            ]
          ]
        ]
      }
    },
    {
      "type": "Feature",
      "properties": {
        "projectId": 13,
        "projectName": "Creekside West",
        "lotNumber": 11,
        "totalLotsInProject": 30,
        "parcelId": "20-4-0-18-000-000-010.002",
        "status": "Proposed",
        "acres": 1.9623333333333333,
        "type": "Mixed Residential"
      },
      "geometry": {
        "type": "Polygon",
        "coordinates": [
          [
            [
              39.15953636363636,
              -94.70983636363636
            ],
            [
              39.15953636363636,
              -94.70956363636364
            ],
            [
              39.15926363636363,
              -94.70956363636364
            ],
            [
              39.15926363636363,
              -94.70983636363636
            ],
            [
              39.15953636363636,
              -94.70983636363636
            ]
          ]
        ]
      }
    },
    {
      "type": "Feature",
      "properties": {
        "projectId": 13,
        "projectName": "Creekside West",
        "lotNumber": 12,
        "totalLotsInProject": 30,
        "parcelId": "20-4-0-18-000-000-010.002",
        "status": "Proposed",
        "acres": 1.9623333333333333,
        "type": "Mixed Residential"
      },
      "geometry": {
        "type": "Polygon",
        "coordinates": [
          [
            [
              39.15953636363636,
              -94.70953636363635
            ],
            [
              39.15953636363636,
              -94.70926363636363
            ],
            [
              39.15926363636363,
              -94.70926363636363
            ],
            [
              39.15926363636363,
              -94.70953636363635
            ],
            [
              39.15953636363636,
              -94.70953636363635
            ]
          ]
        ]
      }
    },
    {
      "type": "Feature",
      "properties": {
        "projectId": 13,
        "projectName": "Creekside West",
        "lotNumber": 13,
        "totalLotsInProject": 30,
        "parcelId": "20-4-0-18-000-000-010.002",
        "status": "Proposed",
        "acres": 1.9623333333333333,
        "type": "Mixed Residential"
      },
      "geometry": {
        "type": "Polygon",
        "coordinates": [
          [
            [
              39.15983636363636,
              -94.71103636363635
            ],
            [
              39.15983636363636,
              -94.71076363636364
            ],
            [
              39.15956363636363,
              -94.71076363636364
            ],
            [
              39.15956363636363,
              -94.71103636363635
            ],
            [
              39.15983636363636,
              -94.71103636363635
            ]
          ]
        ]
      }
    },
    {
      "type": "Feature",
      "properties": {
        "projectId": 13,
        "projectName": "Creekside West",
        "lotNumber": 14,
        "totalLotsInProject": 30,
        "parcelId": "20-4-0-18-000-000-010.002",
        "status": "Proposed",
        "acres": 1.9623333333333333,
        "type": "Mixed Residential"
      },
      "geometry": {
        "type": "Polygon",
        "coordinates": [
          [
            [
              39.15983636363636,
              -94.71073636363636
            ],
            [
              39.15983636363636,
              -94.71046363636364
            ],
            [
              39.15956363636363,
              -94.71046363636364
            ],
            [
              39.15956363636363,
              -94.71073636363636
            ],
            [
              39.15983636363636,
              -94.71073636363636
            ]
          ]
        ]
      }
    },
    {
      "type": "Feature",
      "properties": {
        "projectId": 13,
        "projectName": "Creekside West",
        "lotNumber": 15,
        "totalLotsInProject": 30,
        "parcelId": "20-4-0-18-000-000-010.002",
        "status": "Proposed",
        "acres": 1.9623333333333333,
        "type": "Mixed Residential"
      },
      "geometry": {
        "type": "Polygon",
        "coordinates": [
          [
            [
              39.15983636363636,
              -94.71043636363635
            ],
            [
              39.15983636363636,
              -94.71016363636363
            ],
            [
              39.15956363636363,
              -94.71016363636363
            ],
            [
              39.15956363636363,
              -94.71043636363635
            ],
            [
              39.15983636363636,
              -94.71043636363635
            ]
          ]
        ]
      }
    },
    {
      "type": "Feature",
      "properties": {
        "projectId": 13,
        "projectName": "Creekside West",
        "lotNumber": 16,
        "totalLotsInProject": 30,
        "parcelId": "20-4-0-18-000-000-010.002",
        "status": "Proposed",
        "acres": 1.9623333333333333,
        "type": "Mixed Residential"
      },
      "geometry": {
        "type": "Polygon",
        "coordinates": [
          [
            [
              39.15983636363636,
              -94.71013636363635
            ],
            [
              39.15983636363636,
              -94.70986363636364
            ],
            [
              39.15956363636363,
              -94.70986363636364
            ],
            [
              39.15956363636363,
              -94.71013636363635
            ],
            [
              39.15983636363636,
              -94.71013636363635
            ]
          ]
        ]
      }
    },
    {
      "type": "Feature",
      "properties": {
        "projectId": 13,
        "projectName": "Creekside West",
        "lotNumber": 17,
        "totalLotsInProject": 30,
        "parcelId": "20-4-0-18-000-000-010.002",
        "status": "Proposed",
        "acres": 1.9623333333333333,
        "type": "Mixed Residential"
      },
      "geometry": {
        "type": "Polygon",
        "coordinates": [
          [
            [
              39.15983636363636,
              -94.70983636363636
            ],
            [
              39.15983636363636,
              -94.70956363636364
            ],
            [
              39.15956363636363,
              -94.70956363636364
            ],
            [
              39.15956363636363,
              -94.70983636363636
            ],
            [
              39.15983636363636,
              -94.70983636363636
            ]
          ]
        ]
      }
    },
    {
      "type": "Feature",
      "properties": {
        "projectId": 13,
        "projectName": "Creekside West",
        "lotNumber": 18,
        "totalLotsInProject": 30,
        "parcelId": "20-4-0-18-000-000-010.002",
        "status": "Proposed",
        "acres": 1.9623333333333333,
        "type": "Mixed Residential"
      },
      "geometry": {
        "type": "Polygon",
        "coordinates": [
          [
            [
              39.15983636363636,
              -94.70953636363635
            ],
            [
              39.15983636363636,
              -94.70926363636363
            ],
            [
              39.15956363636363,
              -94.70926363636363
            ],
            [
              39.15956363636363,
              -94.70953636363635
            ],
            [
              39.15983636363636,
              -94.70953636363635
            ]
          ]
        ]
      }
    },
    {
      "type": "Feature",
      "properties": {
        "projectId": 13,
        "projectName": "Creekside West",
        "lotNumber": 19,
        "totalLotsInProject": 30,
        "parcelId": "20-4-0-18-000-000-010.002",
        "status": "Proposed",
        "acres": 1.9623333333333333,
        "type": "Mixed Residential"
      },
      "geometry": {
        "type": "Polygon",
        "coordinates": [
          [
            [
              39.16013636363636,
              -94.71103636363635
            ],
            [
              39.16013636363636,
              -94.71076363636364
            ],
            [
              39.15986363636363,
              -94.71076363636364
            ],
            [
              39.15986363636363,
              -94.71103636363635
            ],
            [
              39.16013636363636,
              -94.71103636363635
            ]
          ]
        ]
      }
    },
    {
      "type": "Feature",
      "properties": {
        "projectId": 13,
        "projectName": "Creekside West",
        "lotNumber": 20,
        "totalLotsInProject": 30,
        "parcelId": "20-4-0-18-000-000-010.002",
        "status": "Proposed",
        "acres": 1.9623333333333333,
        "type": "Mixed Residential"
      },
      "geometry": {
        "type": "Polygon",
        "coordinates": [
          [
            [
              39.16013636363636,
              -94.71073636363636
            ],
            [
              39.16013636363636,
              -94.71046363636364
            ],
            [
              39.15986363636363,
              -94.71046363636364
            ],
            [
              39.15986363636363,
              -94.71073636363636
            ],
            [
              39.16013636363636,
              -94.71073636363636
            ]
          ]
        ]
      }
    },
    {
      "type": "Feature",
      "properties": {
        "projectId": 13,
        "projectName": "Creekside West",
        "lotNumber": 21,
        "totalLotsInProject": 30,
        "parcelId": "20-4-0-18-000-000-010.002",
        "status": "Proposed",
        "acres": 1.9623333333333333,
        "type": "Mixed Residential"
      },
      "geometry": {
        "type": "Polygon",
        "coordinates": [
          [
            [
              39.16013636363636,
              -94.71043636363635
            ],
            [
              39.16013636363636,
              -94.71016363636363
            ],
            [
              39.15986363636363,
              -94.71016363636363
            ],
            [
              39.15986363636363,
              -94.71043636363635
            ],
            [
              39.16013636363636,
              -94.71043636363635
            ]
          ]
        ]
      }
    },
    {
      "type": "Feature",
      "properties": {
        "projectId": 13,
        "projectName": "Creekside West",
        "lotNumber": 22,
        "totalLotsInProject": 30,
        "parcelId": "20-4-0-18-000-000-010.002",
        "status": "Proposed",
        "acres": 1.9623333333333333,
        "type": "Mixed Residential"
      },
      "geometry": {
        "type": "Polygon",
        "coordinates": [
          [
            [
              39.16013636363636,
              -94.71013636363635
            ],
            [
              39.16013636363636,
              -94.70986363636364
            ],
            [
              39.15986363636363,
              -94.70986363636364
            ],
            [
              39.15986363636363,
              -94.71013636363635
            ],
            [
              39.16013636363636,
              -94.71013636363635
            ]
          ]
        ]
      }
    },
    {
      "type": "Feature",
      "properties": {
        "projectId": 13,
        "projectName": "Creekside West",
        "lotNumber": 23,
        "totalLotsInProject": 30,
        "parcelId": "20-4-0-18-000-000-010.002",
        "status": "Proposed",
        "acres": 1.9623333333333333,
        "type": "Mixed Residential"
      },
      "geometry": {
        "type": "Polygon",
        "coordinates": [
          [
            [
              39.16013636363636,
              -94.70983636363636
            ],
            [
              39.16013636363636,
              -94.70956363636364
            ],
            [
              39.15986363636363,
              -94.70956363636364
            ],
            [
              39.15986363636363,
              -94.70983636363636
            ],
            [
              39.16013636363636,
              -94.70983636363636
            ]
          ]
        ]
      }
    },
    {
      "type": "Feature",
      "properties": {
        "projectId": 13,
        "projectName": "Creekside West",
        "lotNumber": 24,
        "totalLotsInProject": 30,
        "parcelId": "20-4-0-18-000-000-010.002",
        "status": "Proposed",
        "acres": 1.9623333333333333,
        "type": "Mixed Residential"
      },
      "geometry": {
        "type": "Polygon",
        "coordinates": [
          [
            [
              39.16013636363636,
              -94.70953636363635
            ],
            [
              39.16013636363636,
              -94.70926363636363
            ],
            [
              39.15986363636363,
              -94.70926363636363
            ],
            [
              39.15986363636363,
              -94.70953636363635
            ],
            [
              39.16013636363636,
              -94.70953636363635
            ]
          ]
        ]
      }
    },
    {
      "type": "Feature",
      "properties": {
        "projectId": 13,
        "projectName": "Creekside West",
        "lotNumber": 25,
        "totalLotsInProject": 30,
        "parcelId": "20-4-0-18-000-000-010.002",
        "status": "Proposed",
        "acres": 1.9623333333333333,
        "type": "Mixed Residential"
      },
      "geometry": {
        "type": "Polygon",
        "coordinates": [
          [
            [
              39.160436363636364,
              -94.71103636363635
            ],
            [
              39.160436363636364,
              -94.71076363636364
            ],
            [
              39.160163636363635,
              -94.71076363636364
            ],
            [
              39.160163636363635,
              -94.71103636363635
            ],
            [
              39.160436363636364,
              -94.71103636363635
            ]
          ]
        ]
      }
    },
    {
      "type": "Feature",
      "properties": {
        "projectId": 13,
        "projectName": "Creekside West",
        "lotNumber": 26,
        "totalLotsInProject": 30,
        "parcelId": "20-4-0-18-000-000-010.002",
        "status": "Proposed",
        "acres": 1.9623333333333333,
        "type": "Mixed Residential"
      },
      "geometry": {
        "type": "Polygon",
        "coordinates": [
          [
            [
              39.160436363636364,
              -94.71073636363636
            ],
            [
              39.160436363636364,
              -94.71046363636364
            ],
            [
              39.160163636363635,
              -94.71046363636364
            ],
            [
              39.160163636363635,
              -94.71073636363636
            ],
            [
              39.160436363636364,
              -94.71073636363636
            ]
          ]
        ]
      }
    },
    {
      "type": "Feature",
      "properties": {
        "projectId": 13,
        "projectName": "Creekside West",
        "lotNumber": 27,
        "totalLotsInProject": 30,
        "parcelId": "20-4-0-18-000-000-010.002",
        "status": "Proposed",
        "acres": 1.9623333333333333,
        "type": "Mixed Residential"
      },
      "geometry": {
        "type": "Polygon",
        "coordinates": [
          [
            [
              39.160436363636364,
              -94.71043636363635
            ],
            [
              39.160436363636364,
              -94.71016363636363
            ],
            [
              39.160163636363635,
              -94.71016363636363
            ],
            [
              39.160163636363635,
              -94.71043636363635
            ],
            [
              39.160436363636364,
              -94.71043636363635
            ]
          ]
        ]
      }
    },
    {
      "type": "Feature",
      "properties": {
        "projectId": 13,
        "projectName": "Creekside West",
        "lotNumber": 28,
        "totalLotsInProject": 30,
        "parcelId": "20-4-0-18-000-000-010.002",
        "status": "Proposed",
        "acres": 1.9623333333333333,
        "type": "Mixed Residential"
      },
      "geometry": {
        "type": "Polygon",
        "coordinates": [
          [
            [
              39.160436363636364,
              -94.71013636363635
            ],
            [
              39.160436363636364,
              -94.70986363636364
            ],
            [
              39.160163636363635,
              -94.70986363636364
            ],
            [
              39.160163636363635,
              -94.71013636363635
            ],
            [
              39.160436363636364,
              -94.71013636363635
            ]
          ]
        ]
      }
    },
    {
      "type": "Feature",
      "properties": {
        "projectId": 13,
        "projectName": "Creekside West",
        "lotNumber": 29,
        "totalLotsInProject": 30,
        "parcelId": "20-4-0-18-000-000-010.002",
        "status": "Proposed",
        "acres": 1.9623333333333333,
        "type": "Mixed Residential"
      },
      "geometry": {
        "type": "Polygon",
        "coordinates": [
          [
            [
              39.160436363636364,
              -94.70983636363636
            ],
            [
              39.160436363636364,
              -94.70956363636364
            ],
            [
              39.160163636363635,
              -94.70956363636364
            ],
            [
              39.160163636363635,
              -94.70983636363636
            ],
            [
              39.160436363636364,
              -94.70983636363636
            ]
          ]
        ]
      }
    },
    {
      "type": "Feature",
      "properties": {
        "projectId": 13,
        "projectName": "Creekside West",
        "lotNumber": 30,
        "totalLotsInProject": 30,
        "parcelId": "20-4-0-18-000-000-010.002",
        "status": "Proposed",
        "acres": 1.9623333333333333,
        "type": "Mixed Residential"
      },
      "geometry": {
        "type": "Polygon",
        "coordinates": [
          [
            [
              39.160436363636364,
              -94.70953636363635
            ],
            [
              39.160436363636364,
              -94.70926363636363
            ],
            [
              39.160163636363635,
              -94.70926363636363
            ],
            [
              39.160163636363635,
              -94.70953636363635
            ],
            [
              39.160436363636364,
              -94.70953636363635
            ]
          ]
        ]
      }
    }
  ]
}